Date,EEM,EWC,EWJ,IEUR,SPLG
2021-12-06,44.69133377075195,,62.42375946044922,49.825958251953125,50.874542236328125
2021-12-07,45.398414611816406,,63.87783432006836,50.819828033447266,51.921268463134766
2021-12-08,45.579715728759766,,63.803733825683594,50.93417739868164,52.09100341796875
2021-12-09,45.36215591430664,,63.28509521484375,50.45922088623047,51.73267364501953
2021-12-10,45.398414611816406,,63.37770080566406,50.626338958740234,52.2230224609375
2021-12-13,44.67845153808594,,62.76589584350586,50.108856201171875,51.760955810546875
2021-12-14,44.577301025390625,,62.690826416015625,49.734771728515625,51.383766174316406
2021-12-15,44.448570251464844,,63.769927978515625,50.37605285644531,52.20417022705078
2021-12-16,44.503746032714844,,63.84499740600586,50.47402572631836,51.74209976196289
2021-12-17,44.28306579589844,,63.066165924072266,49.77040100097656,51.204593658447266
2021-12-20,43.62102508544922,,62.531314849853516,49.77040100097656,50.6585578918457
2021-12-21,44.35662841796875,,62.89727020263672,50.41168212890625,51.54831314086914
2021-12-22,44.56810760498047,,63.00048828125,51.079681396484375,52.06888961791992
2021-12-23,44.79799270629883,,63.24447250366211,51.37360382080078,52.390708923339844
2021-12-27,45.000274658203125,,63.18814468383789,51.952537536621094,53.12901306152344
2021-12-28,44.853153228759766,,63.26321792602539,52.0237922668457,53.07223129272461
2021-12-29,44.6508674621582,,62.962955474853516,52.11285400390625,53.15741729736328
2021-12-30,45.162376403808594,,62.78466796875,51.90505599975586,53.00597381591797
2021-12-31,44.94157791137695,,62.83158493041992,51.869384765625,52.84505081176758
2022-01-03,45.26357650756836,,62.89727020263672,52.3331413269043,53.18580627441406
2022-01-04,45.107173919677734,,63.723018646240234,52.44907760620117,53.16687774658203
2022-01-05,44.371185302734375,,63.43212127685547,52.012081146240234,52.13515090942383
2022-01-06,44.573585510253906,,62.962955474853516,51.798038482666016,52.08781814575195
2022-01-07,44.97837829589844,,62.5594596862793,52.07450866699219,51.88905334472656
2022-01-10,44.97837829589844,,62.409332275390625,51.40562438964844,51.80386734008789
2022-01-11,46.01797103881836,,62.89727020263672,51.976402282714844,52.286598205566406
2022-01-12,46.78156280517578,,63.798072814941406,52.42231750488281,52.447505950927734
2022-01-13,46.119171142578125,,63.16000747680664,52.11017608642578,51.71867752075195
2022-01-14,46.100765228271484,,63.08494567871094,51.95856857299805,51.70921325683594
2022-01-18,45.281978607177734,,62.090293884277344,51.19158935546875,50.80052947998047
2022-01-19,45.47517776489258,,61.32084655761719,51.316444396972656,50.29887008666992
2022-01-20,45.741973876953125,,61.048728942871094,50.9686279296875,49.740421295166016
2022-01-21,45.0795783996582,,60.814144134521484,50.183807373046875,48.75601577758789
2022-01-24,44.444786071777344,,60.55140686035156,49.43465805053711,48.94533157348633
2022-01-25,44.36198806762695,,60.33559036254883,49.122520446777344,48.377410888671875
2022-01-26,43.80078887939453,,59.50046157836914,49.220619201660156,48.24489974975586
2022-01-27,43.2947998046875,,58.65595245361328,49.14927291870117,48.00826644897461
2022-01-28,43.50639343261719,,58.88115310668945,49.30980682373047,49.20089340209961
2022-01-31,44.932376861572266,,60.129154205322266,50.06786346435547,50.0811767578125
2022-02-01,45.20838165283203,,60.147918701171875,50.67431640625,50.45978546142578
2022-02-02,45.13478088378906,,61.0675048828125,50.97754669189453,50.904659271240234
2022-02-03,44.6563835144043,,59.791351318359375,50.26407241821289,49.740421295166016
2022-02-04,44.766780853271484,,60.260520935058594,50.10354232788086,49.96758270263672
2022-02-07,44.67478561401367,,60.29805374145508,50.17488479614258,49.76881790161133
2022-02-08,45.107173919677734,,60.645240783691406,50.31758117675781,50.194766998291016
2022-02-09,45.815574645996094,,61.48036575317383,51.16482925415039,50.9235954284668
2022-02-10,45.51197814941406,,60.504493713378906,50.558380126953125,50.014915466308594
2022-02-11,44.821990966796875,,60.01654815673828,49.61302947998047,49.03997802734375
2022-02-14,44.50918960571289,,60.01654815673828,49.10468673706055,48.87907409667969
2022-02-15,45.47517776489258,,60.68277359008789,50.192726135253906,49.636295318603516
2022-02-16,45.806373596191406,,60.692161560058594,50.406761169433594,49.72148895263672
2022-02-17,45.27277755737305,,59.80073165893555,49.53276824951172,48.67082977294922
2022-02-18,44.821990966796875,,59.70690155029297,49.21170425415039,48.33008575439453
2022-02-22,44.187191009521484,,59.22834014892578,48.45363998413086,47.8189582824707
2022-02-23,43.6719970703125,,58.6184196472168,48.06122970581055,46.96706771850586
2022-02-24,42.77040100097656,,58.28061294555664,47.16047286987305,47.658050537109375
2022-02-25,43.56159591674805,,59.6318244934082,48.54281997680664,48.70869827270508
2022-02-28,42.9911994934082,,59.05943298339844,47.44586181640625,48.59510803222656
2022-03-01,42.42080307006836,,58.252464294433594,46.17052459716797,47.8568229675293
2022-03-02,42.49440383911133,,58.44951629638672,46.79481887817383,48.73708724975586
2022-03-03,41.89641189575195,,58.15863037109375,45.5640754699707,48.519386291503906
2022-03-04,41.050018310546875,,57.40795135498047,43.6377067565918,48.13130569458008
2022-03-07,39.513633728027344,,55.390506744384766,42.17509078979492,46.71150588989258
2022-03-08,39.64242935180664,,54.592918395996094,43.173946380615234,46.361289978027344
2022-03-09,40.76482009887695,,56.06611633300781,45.421382904052734,47.553924560546875
2022-03-10,40.001224517822266,,55.8315315246582,44.565216064453125,47.383548736572266
2022-03-11,39.16403579711914,,54.930721282958984,44.154972076416016,46.77775955200195
2022-03-14,38.21644973754883,,55.00578689575195,44.984378814697266,46.437015533447266
2022-03-15,38.27164077758789,,55.90659713745117,45.278690338134766,47.449806213378906
2022-03-16,41.35361862182617,,57.154598236083984,47.05345153808594,48.47206497192383
2022-03-17,41.14202117919922,,57.689453125,47.347755432128906,49.11570739746094
2022-03-18,41.730812072753906,,58.43075180053711,47.775840759277344,49.617366790771484
2022-03-21,41.08681869506836,,58.411983489990234,47.29424285888672,49.61480712890625
2022-03-22,41.83201599121094,,58.59026336669922,47.89177703857422,50.19404220581055
2022-03-23,41.55600357055664,,58.243080139160156,47.05345153808594,49.57682418823242
2022-03-24,41.77680969238281,,58.88115310668945,47.32100296020508,50.279510498046875
2022-03-25,41.44561004638672,,58.87177276611328,47.3834342956543,50.56437683105469
2022-03-28,41.58361053466797,,57.98971939086914,47.43693542480469,50.906219482421875
2022-03-29,42.29200744628906,,59.13450622558594,48.61417007446289,51.5614128112793
2022-03-30,42.17240524291992,,58.515201568603516,48.569576263427734,51.21007537841797
2022-03-31,41.53761291503906,,57.811439514160156,47.62423324584961,50.45042037963867
2022-04-01,42.22761154174805,,58.11170959472656,48.1414909362793,50.59286117553711
2022-04-04,42.97279739379883,,58.58087921142578,48.18608474731445,51.02016067504883
2022-04-05,42.18159866333008,,57.0513801574707,47.73125457763672,50.36496353149414
2022-04-06,41.62961196899414,,56.19748306274414,47.15155029296875,49.88068771362305
2022-04-07,41.29841613769531,,56.00043487548828,47.39235305786133,50.118072509765625
2022-04-08,41.335208892822266,,55.76584243774414,47.419105529785156,49.98514175415039
2022-04-11,40.82001876831055,,54.893184661865234,47.05345153808594,49.1400260925293
2022-04-12,40.691226959228516,,54.17066192626953,46.669960021972656,48.95010757446289
2022-04-13,41.224815368652344,,54.94948196411133,47.16047286987305,49.52934646606445
2022-04-14,40.691226959228516,,54.79935836791992,46.95534896850586,48.91213607788086
2022-04-18,40.553218841552734,,54.14250946044922,46.78589630126953,48.89314270019531
2022-04-19,40.35082244873047,,54.15188980102539,46.9375114440918,49.690773010253906
2022-04-20,40.11162185668945,,54.65860366821289,47.32100296020508,49.643287658691406
2022-04-21,39.33883285522461,,54.208194732666016,46.892921447753906,48.93111801147461
2022-04-22,38.98923873901367,,53.401214599609375,46.125938415527344,47.57323455810547
2022-04-25,38.70404052734375,,53.72964096069336,45.77811813354492,47.85811233520508
2022-04-26,37.85765075683594,,52.594242095947266,44.25307083129883,46.49073028564453
2022-04-27,38.29924011230469,,52.800682067871094,44.46711349487305,46.60468292236328
2022-04-28,38.85124588012695,,53.76716995239258,45.03789520263672,47.79164505004883
2022-04-29,38.98923873901367,,53.129093170166016,44.565216064453125,46.0064582824707
2022-05-02,38.93403625488281,,53.110328674316406,44.29766845703125,46.30081558227539
2022-05-03,39.219234466552734,,53.53258514404297,44.64548110961914,46.5002326965332
2022-05-04,39.64242935180664,,54.480316162109375,45.40354919433594,47.91508483886719
2022-05-05,38.17963790893555,,52.988346099853516,43.87850570678711,46.20586395263672
2022-05-06,37.655250549316406,,53.19477844238281,43.1917839050293,45.958980560302734
2022-05-09,36.56966018676758,,51.69343185424805,41.871864318847656,44.48715591430664
2022-05-10,36.74445343017578,,51.768497467041016,42.2910270690918,44.58210372924805
2022-05-11,36.48685836791992,,51.205482482910156,42.076988220214844,43.84144592285156
2022-05-12,36.24766540527344,,51.77787780761719,41.91645050048828,43.83195877075195
2022-05-13,37.250450134277344,,52.84759521484375,43.102603912353516,44.83849334716797
2022-05-16,37.10325622558594,,52.56609344482422,43.27204895019531,44.70555877685547
2022-05-17,38.01404571533203,,52.950809478759766,44.29766845703125,45.57915115356445
2022-05-18,37.10325622558594,,52.44409942626953,42.995582580566406,43.78446960449219
2022-05-19,37.69205093383789,,52.894508361816406,43.53068542480469,43.50909423828125
2022-05-20,37.848445892333984,,53.57011795043945,43.71797561645508,43.518592834472656
2022-05-23,38.133644104003906,,54.08620834350586,44.66332244873047,44.34471893310547
2022-05-24,37.47125244140625,,53.87976837158203,44.65440368652344,44.00286865234375
2022-05-25,37.655250549316406,,53.992374420166016,44.529544830322266,44.40169143676758
2022-05-26,38.244041442871094,,54.414634704589844,45.1359977722168,45.27528381347656
2022-05-27,38.685638427734375,,54.74305725097656,45.67110061645508,46.395782470703125
2022-05-31,39.228431701660156,,54.048675537109375,45.53732681274414,46.12989807128906
2022-06-01,38.95243453979492,,54.07683181762695,44.859519958496094,45.769065856933594
2022-06-02,39.6240348815918,,54.63045120239258,45.8851432800293,46.62368392944336
2022-06-03,38.98003387451172,,53.49504852294922,45.278690338134766,45.87351989746094
2022-06-06,39.19163131713867,,53.78593444824219,45.49272537231445,45.99696350097656
2022-06-07,39.31123733520508,,53.95484161376953,45.59082794189453,46.43376159667969
2022-06-08,39.522830963134766,,53.25108337402344,44.95762634277344,45.93049621582031
2022-06-09,38.58760070800781,,52.86830520629883,43.80038070678711,44.85749053955078
2022-06-10,38.16080856323242,,51.911373138427734,42.605743408203125,43.54708480834961
2022-06-13,36.82476043701172,,50.461753845214844,41.146636962890625,41.85686111450195
2022-06-14,37.335060119628906,,50.120670318603516,40.581241607666016,41.74291229248047
2022-06-15,37.8267936706543,,50.67967987060547,41.520530700683594,42.322139739990234
2022-06-16,36.667030334472656,,49.87432861328125,40.51740264892578,40.983253479003906
2022-06-17,36.80620574951172,,49.32480239868164,40.490047454833984,41.03073501586914
2022-06-21,37.400001525878906,,49.83643341064453,41.11928176879883,42.06452178955078
2022-06-22,36.73197937011719,,49.590091705322266,40.882179260253906,41.98821258544922
2022-06-23,36.84331512451172,,49.893280029296875,40.65419387817383,42.40791320800781
2022-06-24,37.715457916259766,,50.87864303588867,41.99473571777344,43.724212646484375
2022-06-27,37.7618522644043,,50.43333435058594,41.912662506103516,43.590675354003906
2022-06-28,37.52989196777344,,50.3575439453125,41.502296447753906,42.70359420776367
2022-06-29,37.381446838378906,,50.13014602661133,41.246952056884766,42.66544723510742
2022-06-30,37.20515823364258,,50.05435562133789,41.00072479248047,42.2934455871582
2022-07-01,36.973209381103516,,50.26279067993164,41.009849548339844,42.73221969604492
2022-07-05,36.68559265136719,,49.940650939941406,39.860809326171875,42.81805419921875
2022-07-06,36.46290588378906,,49.93117904663086,39.9428825378418,42.989749908447266
2022-07-07,37.195884704589844,,50.64177322387695,40.53564453125,43.62882614135742
2022-07-08,37.195884704589844,,50.89759063720703,40.581241607666016,43.60021209716797
2022-07-11,36.203128814697266,,50.2059440612793,39.93375778198242,43.08512878417969
2022-07-12,36.06394958496094,,50.22488784790039,39.93375778198242,42.694053649902344
2022-07-13,35.98045349121094,,49.95960235595703,39.87904739379883,42.49374771118164
2022-07-14,35.65571594238281,,49.466922760009766,39.240684509277344,42.38882827758789
2022-07-15,35.84128189086914,,49.9880256652832,40.02495193481445,43.17097473144531
2022-07-18,36.09178924560547,,50.08277130126953,40.271183013916016,42.81805419921875
2022-07-19,36.68559265136719,,50.80284118652344,41.56612777709961,43.99128723144531
2022-07-20,36.52785873413086,,51.0207633972168,41.110164642333984,44.28697967529297
2022-07-21,36.945377349853516,,51.6650276184082,41.620849609375,44.725746154785156
2022-07-22,36.57425308227539,,51.82609939575195,41.474937438964844,44.32513427734375
2022-07-25,36.70414733886719,,51.81662368774414,41.84883499145508,44.372825622558594
2022-07-26,36.416526794433594,,51.24814987182617,41.2195930480957,43.84820556640625
2022-07-27,37.09382629394531,,52.280879974365234,42.18624496459961,44.97374725341797
2022-07-28,37.25155258178711,,52.707237243652344,42.44159698486328,45.546051025390625
2022-07-29,37.07526779174805,,53.19992446899414,43.11642074584961,46.194671630859375
2022-08-01,36.75981140136719,,53.8820915222168,43.006996154785156,46.0802116394043
2022-08-02,36.58353042602539,,52.85883712768555,42.34127426147461,45.765438079833984
2022-08-03,36.871150970458984,,52.745140075683594,42.742530822753906,46.4903564453125
2022-08-04,37.13093566894531,,52.72618865966797,43.098182678222656,46.44266128540039
2022-08-05,37.16804885864258,,52.404052734375,42.67869567871094,46.375892639160156
2022-08-08,37.214439392089844,,52.38510513305664,42.76988220214844,46.337738037109375
2022-08-09,37.07526779174805,,51.8640022277832,42.5783805847168,46.14698028564453
2022-08-10,37.5391731262207,,53.35150909423828,43.5450325012207,47.10081481933594
2022-08-11,37.687618255615234,,53.33256530761719,43.49944305419922,47.110355377197266
2022-08-12,38.086578369140625,,54.0336799621582,43.75477981567383,47.882972717285156
2022-08-15,37.91029739379883,,54.25160217285156,43.326171875,48.09281539916992
2022-08-16,37.90101623535156,,53.99578094482422,43.38088607788086,48.207275390625
2022-08-17,37.743289947509766,,53.82524490356445,42.95227813720703,47.8638916015625
2022-08-18,37.52989196777344,,53.6357536315918,42.742530822753906,47.98789596557617
2022-08-19,37.01960754394531,,52.707237243652344,42.140647888183594,47.358360290527344
2022-08-22,36.69486618041992,,52.16719055175781,41.201358795166016,46.385440826416016
2022-08-23,36.889705657958984,,52.29035568237305,41.201358795166016,46.251895904541016
2022-08-24,36.88043212890625,,52.27140808105469,41.292545318603516,46.39496994018555
2022-08-25,37.678340911865234,,52.86830520629883,41.68468475341797,47.03404235839844
2022-08-26,37.12165832519531,,51.57975387573242,40.435325622558594,45.46974182128906
2022-08-29,36.889705657958984,,51.058658599853516,40.49916076660156,45.164512634277344
2022-08-30,36.453636169433594,,51.00181198120117,40.18910217285156,44.65897750854492
2022-08-31,36.58353042602539,,50.77442169189453,39.87904739379883,44.32513427734375
2022-09-01,36.29590606689453,,50.168052673339844,39.22244644165039,44.45866775512695
2022-09-02,35.96189880371094,,49.61851501464844,38.994468688964844,44.00082778930664
2022-09-06,35.53510665893555,,48.84160232543945,39.122135162353516,43.81959915161133
2022-09-07,35.85055923461914,,48.765804290771484,39.66929626464844,44.620819091796875
2022-09-08,35.65571594238281,,49.35322952270508,39.56898498535156,44.88789749145508
2022-09-09,36.1845703125,,50.281742095947266,40.67242431640625,45.6032829284668
2022-09-12,36.72270202636719,,50.300689697265625,41.42933654785156,46.0802116394043
2022-09-13,35.59077453613281,,48.642635345458984,39.961116790771484,44.105751037597656
2022-09-14,35.76706314086914,,49.34375762939453,40.01583480834961,44.258365631103516
2022-09-15,35.386653900146484,,48.95529556274414,39.614585876464844,43.752830505371094
2022-09-16,35.06192398071289,,48.91740417480469,39.26804733276367,43.42852020263672
2022-09-19,35.173255920410156,,49.07846450805664,39.36835479736328,43.74782943725586
2022-09-20,34.97842025756836,,48.566837310791016,38.50202178955078,43.24014663696289
2022-09-21,34.39390182495117,,48.00783157348633,38.027809143066406,42.51213073730469
2022-09-22,34.226890563964844,,48.386817932128906,37.79071044921875,42.14812469482422
2022-09-23,33.38258743286133,,47.41093063354492,36.30424880981445,41.41053009033203
2022-09-26,32.97434997558594,,46.643489837646484,35.68413162231445,41.027374267578125
2022-09-27,32.93724060058594,,46.255035400390625,35.510860443115234,40.912418365478516
2022-09-28,33.22486114501953,,47.1266975402832,36.477516174316406,41.717071533203125
2022-09-29,32.48261260986328,,46.671913146972656,36.01243209838867,40.86452102661133
2022-09-30,32.361995697021484,,46.283451080322266,36.05802536010742,40.22272491455078
2022-10-03,32.89085006713867,,47.11722183227539,36.86052703857422,41.266849517822266
2022-10-04,33.96710968017578,,48.623680114746094,38.556732177734375,42.56960678100586
2022-10-05,33.98566436767578,,48.11205291748047,37.97309875488281,42.454654693603516
2022-10-06,33.78154754638672,,47.67622375488281,37.161468505859375,42.04275894165039
2022-10-07,33.076416015625,,47.19301986694336,36.45927810668945,40.86452102661133
2022-10-10,32.61250305175781,,47.00353240966797,36.2860107421875,40.54841232299805
2022-10-11,32.092926025390625,,46.52031707763672,35.83915710449219,40.2897834777832
2022-10-12,32.13004684448242,,46.179237365722656,35.76620864868164,40.16525650024414
2022-10-13,32.22282409667969,,46.586647033691406,36.76933670043945,41.21895217895508
2022-10-14,31.7403621673584,,45.913944244384766,36.2586555480957,40.28019332885742
2022-10-17,32.61250305175781,,46.378204345703125,37.38945770263672,41.32432556152344
2022-10-18,32.621788024902344,,46.217132568359375,37.8363037109375,41.812862396240234
2022-10-19,32.02798080444336,,45.932891845703125,37.18882751464844,41.515899658203125
2022-10-20,32.23210144042969,,45.89499282836914,37.1249885559082,41.16148376464844
2022-10-21,32.72384262084961,,46.700340270996094,37.799827575683594,42.15769958496094
2022-10-24,31.480575561523438,,46.397151947021484,38.036930084228516,42.64623260498047
2022-10-25,31.7403621673584,,47.45830154418945,38.976226806640625,43.3550910949707
2022-10-26,32.25993728637695,,47.733070373535156,39.450435638427734,43.010250091552734
2022-10-27,32.009429931640625,,47.136165618896484,39.1403694152832,42.79951095581055
2022-10-28,31.814586639404297,,47.63832473754883,39.52339553833008,43.80531692504883
2022-10-31,31.721803665161133,,47.36355972290039,39.11301803588867,43.50836181640625
2022-11-01,32.306331634521484,,47.723594665527344,39.30451965332031,43.3167839050293
2022-11-02,32.037261962890625,,47.41093063354492,38.611446380615234,42.22475814819336
2022-11-03,32.22282409667969,,47.27829360961914,38.20107650756836,41.793697357177734
2022-11-04,33.58670425415039,,48.19732666015625,39.91551971435547,42.38759994506836
2022-11-07,33.605262756347656,,48.47209167480469,40.17086410522461,42.77076721191406
2022-11-08,33.846492767333984,,49.17321014404297,40.59947967529297,43.02939987182617
2022-11-09,33.26197052001953,,48.33945083618164,40.070552825927734,42.119388580322266
2022-11-10,34.46812438964844,,51.03970718383789,42.34127426147461,44.43753433227539
2022-11-11,35.40521240234375,,52.053489685058594,43.216739654541016,44.86859893798828
2022-11-14,35.19181823730469,,51.3428955078125,42.76076889038086,44.5141716003418
2022-11-15,35.99900817871094,,51.683982849121094,42.88844299316406,44.897335052490234
2022-11-16,35.423770904541016,,51.50396728515625,42.83372497558594,44.533329010009766
2022-11-17,35.488712310791016,,51.409217834472656,42.806365966796875,44.41838073730469
2022-11-18,35.28459167480469,,51.39026641845703,42.94315719604492,44.619537353515625
2022-11-21,34.8392448425293,,50.973388671875,42.66045379638672,44.43753433227539
2022-11-22,34.92274856567383,,52.06296920776367,43.271453857421875,45.05059051513672
2022-11-23,35.21037292480469,,52.65986633300781,43.782142639160156,45.318817138671875
2022-11-25,35.04336929321289,,53.019901275634766,44.02836608886719,45.318817138671875
2022-11-28,34.88563537597656,,52.612491607666016,43.34440994262695,44.60996627807617
2022-11-29,35.63716125488281,,52.29035568237305,43.46295928955078,44.52374267578125
2022-11-30,36.667030334472656,,52.86830520629883,44.28370666503906,45.88398361206055
2022-12-01,36.54642105102539,,53.22834396362305,44.721435546875,45.8744010925293
2022-12-02,36.68559265136719,,52.991477966308594,44.82175064086914,45.836082458496094
2022-12-05,36.2680778503418,,51.8829460144043,44.33842086791992,45.0218620300293
2022-12-06,36.22168731689453,,51.72187805175781,44.02836608886719,44.351318359375
2022-12-07,36.00828552246094,,51.873477935791016,44.01924514770508,44.29384994506836
2022-12-08,36.44435501098633,,52.195613861083984,44.17427444458008,44.62911605834961
2022-12-09,36.203128814697266,,52.3566780090332,44.14691162109375,44.31300354003906
2022-12-12,36.09178924560547,,52.347206115722656,44.33842086791992,44.935646057128906
2022-12-13,36.34988784790039,,53.10118103027344,45.036373138427734,45.280494689941406
2022-12-14,36.36872863769531,,53.05370330810547,45.07311248779297,45.002708435058594
2022-12-15,35.530391693115234,,51.76225662231445,43.85169219970703,43.88193893432617
2022-12-16,35.63400650024414,,51.80023956298828,43.328224182128906,43.38383102416992
2022-12-19,35.66226577758789,,51.46788024902344,43.236392974853516,43.00591278076172
2022-12-20,35.652835845947266,,52.19906997680664,43.30067443847656,43.063655853271484
2022-12-21,35.97310256958008,,52.12310028076172,43.93434143066406,43.679542541503906
2022-12-22,35.652835845947266,,51.97116470336914,43.521080017089844,43.063655853271484
2022-12-23,35.60574722290039,,52.0091438293457,43.71393585205078,43.33310317993164
2022-12-27,36.133235931396484,,51.77174758911133,43.769039154052734,43.1502685546875
2022-12-28,35.60574722290039,,51.15451431274414,43.39250564575195,42.630615234375
2022-12-29,36.19916915893555,,52.10410690307617,44.07210159301758,43.3812255859375
2022-12-30,35.69994354248047,,51.695777893066406,43.62209701538086,43.28499984741211
2023-01-03,36.00136184692383,,51.94267654418945,44.099647521972656,43.092529296875
2023-01-04,37.0846061706543,,51.429901123046875,44.93535232543945,43.42934036254883
2023-01-05,36.97157287597656,,50.736698150634766,44.58638000488281,42.92893981933594
2023-01-06,37.74397277832031,,52.0091438293457,45.74351501464844,43.900875091552734
2023-01-09,38.026554107666016,,52.12310028076172,46.00983428955078,43.881622314453125
2023-01-10,38.29972457885742,,51.99965286254883,46.22106170654297,44.19919204711914
2023-01-11,38.45985794067383,,52.417476654052734,46.57003402709961,44.75733184814453
2023-01-12,38.64824295043945,,53.68043518066406,47.14860534667969,44.92092514038086
2023-01-13,38.90256881713867,,53.90833282470703,47.39656448364258,45.10376739501953
2023-01-17,38.6859245300293,,54.42111587524414,47.50676345825195,44.99791717529297
2023-01-18,38.422176361083984,,54.34514617919922,47.36901092529297,44.314666748046875
2023-01-19,38.71417999267578,,54.31665802001953,47.176151275634766,43.968231201171875
2023-01-20,39.30760955810547,,54.933895111083984,47.51594543457031,44.805458068847656
2023-01-23,39.59019088745117,,54.781951904296875,47.754722595214844,45.325103759765625
2023-01-24,39.61845779418945,,55.15230178833008,47.62615203857422,45.296234130859375
2023-01-25,39.656131744384766,,55.817012786865234,47.8098258972168,45.30585861206055
2023-01-26,40.03291320800781,,55.703060150146484,47.874107360839844,45.80625915527344
2023-01-27,39.84452438354492,,55.85499572753906,47.71799087524414,45.92174530029297
2023-01-30,39.043861389160156,,55.52264404296875,47.44247817993164,45.33472442626953
2023-01-31,38.95908737182617,,55.71255874633789,47.736351013183594,45.998722076416016
2023-02-01,39.439483642578125,,55.9024772644043,48.26900100708008,46.489505767822266
2023-02-02,39.20399475097656,,55.769535064697266,48.360836029052734,47.14387893676758
2023-02-03,38.50695037841797,,55.13330841064453,47.874107360839844,46.672340393066406
2023-02-06,37.9417839050293,,54.63002395629883,47.39656448364258,46.39326858520508
2023-02-07,38.09249496459961,,55.42768096923828,47.68124771118164,46.999534606933594
2023-02-08,38.04539489746094,,54.819942474365234,47.55268096923828,46.47988510131836
2023-02-09,38.224369049072266,,54.87691879272461,47.67206954956055,46.07571029663086
2023-02-10,37.85700607299805,,55.190284729003906,47.28636169433594,46.162315368652344
2023-02-13,38.167850494384766,,55.16179656982422,47.965946197509766,46.70121765136719
2023-02-14,38.10191345214844,,54.88641357421875,48.195533752441406,46.71084213256836
2023-02-15,37.78165054321289,,54.34514617919922,48.16798400878906,46.85518264770508
2023-02-16,37.79106903076172,,54.16472244262695,47.86492156982422,46.19118881225586
2023-02-17,37.37661361694336,,54.14573287963867,48.103694915771484,46.07571029663086
2023-02-21,36.905635833740234,,53.48101806640625,47.62615203857422,45.151878356933594
2023-02-22,36.72666549682617,,53.082191467285156,47.323089599609375,45.08452606201172
2023-02-23,36.905635833740234,,53.613956451416016,47.58941650390625,45.33472442626953
2023-02-24,36.07672119140625,,52.816307067871094,46.80881118774414,44.863189697265625
2023-02-27,36.265106201171875,,53.3195915222168,47.49758529663086,45.007537841796875
2023-02-28,36.01078414916992,,53.120174407958984,47.03839874267578,44.84394454956055
2023-03-01,36.783180236816406,,53.20563507080078,47.323089599609375,44.67072296142578
2023-03-02,36.91505432128906,,53.26260757446289,47.332279205322266,45.007537841796875
2023-03-03,37.2447395324707,,54.487586975097656,47.965946197509766,45.738895416259766
2023-03-06,37.11286926269531,,54.487586975097656,47.8832893371582,45.74851608276367
2023-03-07,36.49117660522461,,54.003292083740234,46.90064239501953,45.06528091430664
2023-03-08,36.64188766479492,,54.668006896972656,46.92819595336914,45.14226150512695
2023-03-09,35.831809997558594,,54.57305145263672,46.46901321411133,44.29541778564453
2023-03-10,35.6434211730957,,53.91783142089844,46.14759063720703,43.679542541503906
2023-03-13,35.69994354248047,,53.405052185058594,45.761878967285156,43.592933654785156
2023-03-14,35.71877670288086,,53.25312042236328,46.64350509643555,44.32429122924805
2023-03-15,35.106510162353516,,52.17057800292969,44.91698455810547,44.05484390258789
2023-03-16,35.6434211730957,,53.234127044677734,45.59657669067383,44.81507873535156
2023-03-17,35.42677307128906,,52.90176773071289,44.907806396484375,44.30504608154297
2023-03-20,35.55864715576172,,53.670936584472656,45.780250549316406,44.723236083984375
2023-03-21,35.87890625,,54.003292083740234,46.60676956176758,45.29326629638672
2023-03-22,36.02021026611328,,53.851356506347656,46.322078704833984,44.55898666381836
2023-03-23,36.51943588256836,,54.08875274658203,46.322078704833984,44.674930572509766
2023-03-24,36.42524337768555,,54.25019073486328,46.00065612792969,44.9454460144043
2023-03-27,36.22743225097656,,54.487586975097656,46.52411651611328,45.04206085205078
2023-03-28,36.745506286621094,,54.592037200927734,46.52411651611328,44.95511245727539
2023-03-29,36.849117279052734,,54.80094909667969,47.212886810302734,45.5927734375
2023-03-30,37.21647644042969,,55.05733871459961,47.93839645385742,45.8632926940918
2023-03-31,37.16938400268555,,55.73154830932617,48.103694915771484,46.52027893066406
2023-04-03,37.2447395324707,,55.987937927246094,48.434303283691406,46.69418716430664
2023-04-04,37.2447395324707,,55.96894836425781,48.480228424072266,46.433326721191406
2023-04-05,36.95273208618164,,55.13330841064453,48.15879440307617,46.288394927978516
2023-04-06,37.103450775146484,,54.895912170410156,48.572059631347656,46.491294860839844
2023-04-10,37.1411247253418,,54.781951904296875,48.55369186401367,46.53960037231445
2023-04-11,37.367191314697266,,54.96238708496094,48.78328323364258,46.52994155883789
2023-04-12,37.103450775146484,,55.14280700683594,49.16899871826172,46.365699768066406
2023-04-13,37.61210250854492,,55.91196823120117,49.82102966308594,46.955047607421875
2023-04-14,37.41429138183594,,55.4941520690918,49.76593017578125,46.86808776855469
2023-04-17,37.57442092895508,,55.655582427978516,49.58226013183594,47.02267837524414
2023-04-18,37.52732849121094,,55.987937927246094,49.92205047607422,47.051666259765625
2023-04-19,37.150543212890625,,55.5416374206543,49.77511215209961,47.06132125854492
2023-04-20,37.094032287597656,,55.722049713134766,49.76593017578125,46.79080581665039
2023-04-21,36.745506286621094,,56.03541564941406,50.096534729003906,46.82944107055664
2023-04-24,36.660728454589844,,56.00693130493164,50.32612991333008,46.877750396728516
2023-04-25,35.97310256958008,,55.61759567260742,49.46287536621094,46.133819580078125
2023-04-26,36.18033218383789,,55.41818618774414,49.55470657348633,45.950252532958984
2023-04-27,36.670143127441406,,56.32029724121094,50.096534729003906,46.82944107055664
2023-04-28,36.85853958129883,,55.87398910522461,50.1057243347168,47.244895935058594
2023-05-01,36.736083984375,,55.80751419067383,50.08735656738281,47.215911865234375
2023-05-02,36.378143310546875,,55.34221649169922,49.48123550415039,46.67486572265625
2023-05-03,36.32162857055664,,55.67457580566406,49.618988037109375,46.336708068847656
2023-05-04,36.613624572753906,,55.77903366088867,49.40776824951172,46.02753448486328
2023-05-05,37.103450775146484,,56.52920913696289,50.142452239990234,46.86808776855469
2023-05-08,37.12228775024414,,56.405765533447266,50.21592712402344,46.89708709716797
2023-05-09,36.896217346191406,,57.01350021362305,49.76593017578125,46.69418716430664
2023-05-10,36.877376556396484,,56.7286262512207,49.69246292114258,46.89708709716797
2023-05-11,36.745506286621094,,56.89004898071289,49.48123550415039,46.819786071777344
2023-05-12,36.31221008300781,,57.16543960571289,49.33430480957031,46.74249267578125
2023-05-15,36.98099136352539,,57.50728988647461,49.68327713012695,46.926063537597656
2023-05-16,36.71725082397461,,57.39333724975586,49.18736267089844,46.607234954833984
2023-05-17,36.88679504394531,,57.78266906738281,49.380218505859375,47.177268981933594
2023-05-18,36.688995361328125,,57.79216766357422,49.29756546020508,47.612030029296875
2023-05-19,36.71725082397461,,57.887123107910156,49.646541595458984,47.573387145996094
2023-05-22,37.0186653137207,,58.14350891113281,49.55470657348633,47.583045959472656
2023-05-23,36.4440803527832,,57.3078727722168,48.86593246459961,47.051666259765625
2023-05-24,36.17091369628906,,56.700130462646484,48.09450912475586,46.713504791259766
2023-05-25,36.095558166503906,,57.02299880981445,47.92920684814453,47.109622955322266
2023-05-26,36.736083984375,,57.21291732788086,48.42512130737305,47.737632751464844
2023-05-30,36.31221008300781,,56.84257507324219,47.94757843017578,47.71831130981445
2023-05-31,35.97310256958008,,56.348785400390625,47.39656448364258,47.476768493652344
2023-06-01,36.613624572753906,,57.763675689697266,47.95676040649414,47.901885986328125
2023-06-02,37.2447395324707,,58.874698638916016,48.50777816772461,48.626495361328125
2023-06-05,37.235321044921875,,58.66578674316406,48.15879440307617,48.529876708984375
2023-06-06,37.56500244140625,,59.862274169921875,48.3975715637207,48.6168327331543
2023-06-07,37.40361785888672,,58.3238639831543,48.205013275146484,48.4719123840332
2023-06-08,37.669429779052734,,58.821048736572266,48.70284652709961,48.7327766418457
2023-06-09,37.840309143066406,,59.4903450012207,48.4774169921875,48.829383850097656
2023-06-12,37.91625213623047,,59.86323547363281,48.655879974365234,49.27381896972656
2023-06-13,38.295989990234375,,60.72374725341797,49.012821197509766,49.6023063659668
2023-06-14,38.580787658691406,,61.00102615356445,49.191280364990234,49.660274505615234
2023-06-15,38.941532135009766,,60.914974212646484,49.830013275146484,50.26895523071289
2023-06-16,38.808624267578125,,60.33173370361328,49.811222076416016,50.12403869628906
2023-06-20,38.04916000366211,,59.49990463256836,49.08795928955078,49.86457824707031
2023-06-21,37.86878967285156,,60.207435607910156,49.0222053527832,49.602691650390625
2023-06-22,37.73588180541992,,59.71025466918945,48.8155632019043,49.78697967529297
2023-06-23,37.185272216796875,,58.23781204223633,48.214412689208984,49.41840362548828
2023-06-26,37.308677673339844,,58.23781204223633,48.28015899658203,49.21471405029297
2023-06-27,37.688419342041016,,58.45772171020508,48.76859664916992,49.728790283203125
2023-06-28,37.460575103759766,,59.10789108276367,48.74980926513672,49.76758575439453
2023-06-29,37.26121520996094,,58.811492919921875,48.665279388427734,49.951873779296875
2023-06-30,37.555511474609375,,59.184383392333984,49.43550491333008,50.54353332519531
2023-07-03,37.97321319580078,,59.36604690551758,49.29460906982422,50.640525817871094
2023-07-05,37.74537658691406,,58.87842559814453,48.68406295776367,50.55323791503906
2023-07-06,36.97642135620117,,58.10395431518555,47.79172134399414,50.14585494995117
2023-07-07,37.394126892089844,,58.935787200927734,48.08290481567383,50.010074615478516
2023-07-10,37.422603607177734,,58.849735260009766,48.345909118652344,50.14585494995117
2023-07-11,37.802337646484375,,59.10789108276367,48.834346771240234,50.47563552856445
2023-07-12,38.647239685058594,,59.51902770996094,50.00847625732422,50.86361312866211
2023-07-13,39.150386810302734,,60.408226013183594,50.797489166259766,51.28068161010742
2023-07-14,38.93203353881836,,59.68156433105469,50.57206344604492,51.222496032714844
2023-07-17,38.97951126098633,,59.71025466918945,50.51569747924805,51.426177978515625
2023-07-18,38.6947021484375,,60.532527923583984,50.74113464355469,51.78506088256836
2023-07-19,38.61875915527344,,60.542083740234375,50.76930618286133,51.901451110839844
2023-07-20,38.33396530151367,,59.73893737792969,50.581451416015625,51.58137130737305
2023-07-21,38.27700424194336,,59.67201232910156,50.73173904418945,51.58137130737305
2023-07-24,38.799129486083984,,59.758056640625,50.56266403198242,51.8044548034668
2023-07-25,39.12190628051758,,59.834556579589844,50.619022369384766,51.949947357177734
2023-07-26,39.34973907470703,,60.07358169555664,50.66598892211914,51.94024658203125
2023-07-27,38.86558532714844,,60.56120681762695,50.38419723510742,51.62016677856445
2023-07-28,39.80542755126953,,60.90541076660156,50.78810119628906,52.11483383178711
2023-07-31,39.82441329956055,,60.637691497802734,50.76930618286133,52.19243240356445
2023-08-01,39.32126235961914,,59.920597076416016,50.2620849609375,52.0760383605957
2023-08-02,38.38142776489258,,58.7923698425293,49.33218002319336,51.35828399658203
2023-08-03,38.533321380615234,,58.50552749633789,49.191280364990234,51.17399978637695
2023-08-04,38.4858512878418,,59.069644927978516,49.275821685791016,50.970306396484375
2023-08-07,38.428890228271484,,59.56683349609375,49.7078971862793,51.41647720336914
2023-08-08,37.963722229003906,,59.04096603393555,49.47307205200195,51.193389892578125
2023-08-09,38.05865478515625,,58.52465057373047,49.632755279541016,50.844215393066406
2023-08-10,38.1156120300293,,58.773250579833984,49.811222076416016,50.844215393066406
2023-08-11,37.555511474609375,,58.67763137817383,49.397926330566406,50.805419921875
2023-08-14,37.37513732910156,,58.15176010131836,49.322784423828125,51.12549591064453
2023-08-15,36.94793701171875,,57.530277252197266,48.712242126464844,50.533836364746094
2023-08-16,36.61567306518555,,56.81317901611328,48.39287185668945,50.12646484375
2023-08-17,36.70111083984375,,56.57414245605469,47.99837112426758,49.76758575439453
2023-08-18,36.454288482666016,,56.717567443847656,47.942012786865234,49.79667663574219
2023-08-21,36.53972625732422,,56.765377044677734,48.18622589111328,50.12646484375
2023-08-22,36.46377944946289,,57.04265213012695,48.03594207763672,49.9809684753418
2023-08-23,37.04287338256836,,57.79799270629883,48.43983840942383,50.54353332519531
2023-08-24,36.90046691894531,,57.04265213012695,47.7729377746582,49.84517288208008
2023-08-25,36.93844223022461,,57.339054107666016,48.120479583740234,50.19435501098633
2023-08-28,37.299190521240234,,58.01791000366211,48.59012985229492,50.51443862915039
2023-08-29,37.77385711669922,,58.41947555541992,49.26642990112305,51.2515869140625
2023-08-30,37.65044403076172,,58.31430435180664,49.247642517089844,51.4649772644043
2023-08-31,37.185272216796875,,58.935787200927734,48.79677200317383,51.377685546875
2023-09-01,37.62196350097656,,59.318241119384766,48.608917236328125,51.484378814697266
2023-09-05,37.31817626953125,,59.346923828125,48.05472946166992,51.26129150390625
2023-09-06,37.10932540893555,,59.49990463256836,47.885650634765625,50.912113189697266
2023-09-07,36.67263412475586,,59.49990463256836,47.716575622558594,50.74722671508789
2023-09-08,36.74857711791992,,58.9071044921875,47.754154205322266,50.8248176574707
2023-09-11,37.204254150390625,,59.58595657348633,48.27076721191406,51.17399978637695
2023-09-12,37.09033966064453,,59.576393127441406,47.96080017089844,50.86361312866211
2023-09-13,37.04287338256836,,59.54771041870117,47.7635383605957,50.94120407104492
2023-09-14,37.28969192504883,,60.56120681762695,48.374088287353516,51.387386322021484
2023-09-15,37.147300720214844,,60.2265625,48.30834197998047,50.72781753540039
2023-09-18,37.09983444213867,,60.36997604370117,47.942012786865234,50.784366607666016
2023-09-19,36.8814811706543,,60.666378021240234,47.97018814086914,50.6870002746582
2023-09-20,36.729591369628906,,59.85367202758789,48.02655029296875,50.219661712646484
2023-09-21,36.09354019165039,,58.92622756958008,47.36903762817383,49.40181350708008
2023-09-22,36.52073669433594,,59.08876419067383,47.2281379699707,49.26551055908203
2023-09-25,36.35935592651367,,59.01227951049805,46.918174743652344,49.47970199584961
2023-09-26,35.84671401977539,,58.10395431518555,46.32640838623047,48.76895523071289
2023-09-27,35.9036750793457,,58.35254669189453,46.129154205322266,48.778690338134766
2023-09-28,35.99860382080078,,58.46728515625,46.57062911987305,49.0707893371582
2023-09-29,36.0270881652832,,57.645015716552734,46.645774841308594,48.93447494506836
2023-10-02,35.84671401977539,,57.1478271484375,45.85675811767578,48.915000915527344
2023-10-03,35.37204360961914,,56.15345001220703,45.32135772705078,48.26266860961914
2023-10-04,35.26762390136719,,55.541534423828125,45.56557083129883,48.632652282714844
2023-10-05,35.40053176879883,,56.63151931762695,45.84736633300781,48.60343933105469
2023-10-06,35.913169860839844,,56.77493667602539,46.44852066040039,49.15841293334961
2023-10-09,35.74229049682617,,56.937477111816406,46.270050048828125,49.47970199584961
2023-10-10,36.25492477416992,,57.68326187133789,46.993316650390625,49.752323150634766
2023-10-11,36.482765197753906,,57.53984069824219,47.303287506103516,49.947044372558594
2023-10-12,36.07455062866211,,57.68326187133789,46.79606246948242,49.66468811035156
2023-10-13,35.941646575927734,,56.96615982055664,46.35458755493164,49.39208221435547
2023-10-16,36.207462310791016,,57.1478271484375,46.73970413208008,49.90810012817383
2023-10-17,36.112525939941406,,57.2625617980957,46.6927375793457,49.927574157714844
2023-10-18,35.56191635131836,,56.36380386352539,45.828582763671875,49.24603271484375
2023-10-19,35.35306167602539,,55.95266342163086,45.4434700012207,48.83710861206055
2023-10-20,34.925865173339844,,55.579776763916016,45.03017044067383,48.23346710205078
2023-10-23,34.89738082885742,,55.445919036865234,45.09592056274414,48.155574798583984
2023-10-24,35.34356689453125,,55.799686431884766,45.264991760253906,48.51581573486328
2023-10-25,34.87839889526367,,55.579776763916016,44.8798828125,47.80507278442383
2023-10-26,34.70751953125,,54.824432373046875,44.645057678222656,47.230628967285156
2023-10-27,34.679039001464844,,55.28337478637695,44.3538703918457,47.01643753051758
2023-10-30,35.0397834777832,,55.694515228271484,45.03017044067383,47.57139587402344
2023-10-31,34.840423583984375,,56.37335968017578,45.13349533081055,47.89269256591797
2023-11-01,35.1631965637207,,57.339054107666016,45.4340705871582,48.40871810913086
2023-11-02,35.78025817871094,,58.276058197021484,46.43912887573242,49.32393264770508
2023-11-03,36.51124572753906,,59.27999496459961,46.824241638183594,49.77178955078125
2023-11-06,36.8055419921875,,58.51509094238281,46.683349609375,49.85942077636719
2023-11-07,36.73908615112305,,57.97966384887695,46.46730422973633,50.005462646484375
2023-11-08,36.49225616455078,,57.023529052734375,46.6927375793457,50.063880920410156
2023-11-09,36.1505012512207,,57.2625617980957,46.6739501953125,49.67443084716797
2023-11-10,36.40681838989258,,57.81712341308594,46.87120819091797,50.463077545166016
2023-11-13,36.3973274230957,,57.78843688964844,47.002708435058594,50.40464782714844
2023-11-14,37.365638732910156,,58.935787200927734,48.40227127075195,51.38801193237305
2023-11-15,37.67892074584961,,58.495967864990234,48.41166687011719,51.49510955810547
2023-11-16,37.31817626953125,,58.69675064086914,48.289554595947266,51.56326675415039
2023-11-17,37.365638732910156,,59.6146354675293,48.956459045410156,51.61194610595703
2023-11-20,37.83081817626953,,59.624202728271484,49.1724967956543,52.001399993896484
2023-11-21,37.593482971191406,,59.375606536865234,48.9940299987793,51.91377258300781
2023-11-22,37.51753616333008,,59.74850082397461,49.0316047668457,52.09876251220703
2023-11-24,37.53652572631836,,59.86323547363281,49.5576057434082,52.108497619628906
2023-11-27,37.3846321105957,,59.8154296875,49.38854217529297,52.050079345703125
2023-11-28,37.697906494140625,,59.80586624145508,49.369754791259766,52.089019775390625
2023-11-29,37.47956466674805,,59.74850082397461,49.61397171020508,52.050079345703125
2023-11-30,37.555511474609375,,59.86323547363281,49.51064682006836,52.264278411865234
2023-12-01,37.716896057128906,,60.43690490722656,49.970909118652344,52.56610107421875
2023-12-04,37.28969192504883,,59.51902770996094,49.7172966003418,52.30322265625
2023-12-05,37.06186294555664,,59.29911804199219,49.632755279541016,52.28375244140625
2023-12-06,37.0143928527832,,59.920597076416016,49.642147064208984,52.05982208251953
2023-12-07,37.19476318359375,,60.37954330444336,49.83940124511719,52.459007263183594
2023-12-08,37.03337860107422,,60.02577590942383,50.093013763427734,52.68293380737305
2023-12-11,37.2517204284668,,60.36997604370117,50.19633483886719,52.90686798095703
2023-12-12,37.26121520996094,,60.28392791748047,50.2808723449707,53.140541076660156
2023-12-13,37.63145446777344,,61.20181655883789,50.9759635925293,53.870765686035156
2023-12-14,38.182071685791016,,60.924537658691406,51.614681243896484,54.06548309326172
2023-12-15,37.954227447509766,,60.39866256713867,51.02292251586914,53.97786331176758
2023-12-18,37.935237884521484,,60.28392791748047,51.18260955810547,54.28205108642578
2023-12-19,38.25801467895508,,60.46559524536133,51.70861053466797,54.60464096069336
2023-12-20,37.569305419921875,,60.160186767578125,51.108787536621094,53.78351593017578
2023-12-21,38.27542495727539,,61.207298278808594,51.85857391357422,54.36026382446289
2023-12-22,38.09164047241211,,61.401206970214844,51.906028747558594,54.43846130371094
2023-12-26,38.39149475097656,,61.38181686401367,52.21923065185547,54.673065185546875
2023-12-27,38.61397171020508,,61.721153259277344,52.50395584106445,54.79037094116211
2023-12-28,38.91383361816406,,62.08958053588867,52.16228485107422,54.819698333740234
2023-12-29,38.89448547363281,,62.18653869628906,52.21923065185547,54.64374542236328
2024-01-02,38.43986129760742,,61.624202728271484,51.58333206176758,54.35047912597656
2024-01-03,38.2270622253418,,61.28485870361328,51.099300384521484,53.91060256958008
2024-01-04,38.10131072998047,,61.13943099975586,51.431480407714844,53.734642028808594
2024-01-05,38.14967346191406,,61.59511184692383,51.29860305786133,53.82261657714844
2024-01-08,38.256080627441406,,62.496788024902344,51.887046813964844,54.56553649902344
2024-01-09,37.71440505981445,,62.11866760253906,51.374534606933594,54.49711227416992
2024-01-10,37.627342224121094,,63.233642578125,51.59282684326172,54.800148010253906
2024-01-11,37.78211212158203,,63.79597854614258,51.40300750732422,54.78059387207031
2024-01-12,37.91753005981445,,64.40679168701172,51.52639389038086,54.819698333740234
2024-01-16,36.99861145019531,,63.93171310424805,50.53933334350586,54.62419128417969
2024-01-17,36.44725799560547,,63.136688232421875,50.16918182373047,54.3211555480957
2024-01-18,36.74711608886719,,63.72810745239258,50.596275329589844,54.800148010253906
2024-01-19,37.13402557373047,,63.89293670654297,50.634239196777344,55.484413146972656
2024-01-22,36.805152893066406,,64.649169921875,50.71965789794922,55.591941833496094
2024-01-23,37.12435531616211,,64.07714080810547,50.56779861450195,55.73856735229492
2024-01-24,37.540287017822266,,64.15470886230469,51.127769470214844,55.8069953918457
2024-01-25,37.58864974975586,,63.91232681274414,51.459957122802734,56.12957763671875
2024-01-26,37.61766815185547,,63.398468017578125,51.925010681152344,56.03182601928711
2024-01-29,37.63701248168945,,64.15470886230469,52.04839324951172,56.471717834472656
2024-01-30,37.337158203125,,63.922019958496094,52.095848083496094,56.42284393310547
2024-01-31,37.13402557373047,,64.19349670410156,51.70671844482422,55.54306411743164
2024-02-01,37.491920471191406,,64.88187408447266,52.21923065185547,56.26643753051758
2024-02-02,37.38552474975586,,64.4843521118164,51.735191345214844,56.84318161010742
2024-02-05,37.43388748168945,,64.17411041259766,51.450462341308594,56.647674560546875
2024-02-06,38.285099029541016,,64.1644058227539,51.830101013183594,56.81385040283203
2024-02-07,38.33346176147461,,64.53282928466797,51.66875457763672,57.273292541503906
2024-02-08,38.12065887451172,,64.36800384521484,51.66875457763672,57.322166442871094
2024-02-09,38.285099029541016,,64.60070037841797,51.82060623168945,57.61541748046875
2024-02-12,38.58495330810547,,64.93034362792969,51.85857391357422,57.59586715698242
2024-02-13,37.859493255615234,,64.70735168457031,50.890499114990234,56.833396911621094
2024-02-14,38.40116882324219,,64.95943450927734,51.58333206176758,57.35148239135742
2024-02-15,38.58495330810547,,65.57994079589844,52.133811950683594,57.703399658203125
2024-02-16,38.768741607666016,,65.57023620605469,52.19076156616211,57.43946838378906
2024-02-20,38.82677459716797,,65.86111450195312,52.437522888183594,57.10710906982422
2024-02-21,38.89448547363281,,65.72537231445312,52.513450622558594,57.16575241088867
2024-02-22,39.29106903076172,,66.80156707763672,52.99748611450195,58.33879089355469
2024-02-23,39.271724700927734,,66.9082260131836,53.03545379638672,58.377891540527344
2024-02-26,39.09761428833008,,66.89852142333984,53.07341384887695,58.19215774536133
2024-02-27,39.17499923706055,,67.07303619384766,53.16832733154297,58.29969787597656
2024-02-28,38.6623420715332,,66.57856750488281,52.9025764465332,58.19215774536133
2024-02-29,38.68168640136719,,67.01486206054688,52.88359832763672,58.4169921875
2024-03-01,39.1556510925293,,68.18801879882812,53.348655700683594,58.98395919799805
2024-03-04,39.06859588623047,,67.79049682617188,53.32966613769531,58.915531158447266
2024-03-05,38.720375061035156,,68.15892791748047,53.13036346435547,58.32901382446289
2024-03-06,39.28139877319336,,69.19634246826172,53.652366638183594,58.60272216796875
2024-03-07,39.52322006225586,,69.16725158691406,54.5350227355957,59.20878982543945
2024-03-08,39.484527587890625,,69.01212310791016,54.3072395324707,58.856876373291016
2024-03-11,39.57158660888672,,67.4802474975586,54.28826141357422,58.79823303222656
2024-03-12,40.006858825683594,,67.84867095947266,54.810264587402344,59.423851013183594
2024-03-13,39.8811149597168,,67.25724792480469,54.90516662597656,59.345645904541016
2024-03-14,39.67798614501953,,66.95668029785156,54.51603698730469,59.20878982543945
2024-03-15,39.43616485595703,,67.45116424560547,54.46858596801758,58.7884521484375
2024-03-18,39.50387191772461,,68.49827575683594,54.16487503051758,59.15367889404297
2024-03-19,39.31041717529297,,68.76004028320312,54.2313117980957,59.487159729003906
2024-03-20,39.755367279052734,,69.29329681396484,54.88618850708008,60.01679992675781
2024-03-21,39.803733825683594,,69.64232635498047,54.70586013793945,60.24238967895508
2024-03-22,39.52322006225586,,69.63262939453125,54.60145568847656,60.14431381225586
2024-03-25,39.55223846435547,,68.82791137695312,54.62044143676758,59.948143005371094
2024-03-26,39.52322006225586,,69.12847137451172,54.715354919433594,59.81083679199219
2024-03-27,39.5909309387207,,69.42903137207031,55.05702209472656,60.340476989746094
2024-03-28,39.736026763916016,,69.17694091796875,54.90516662597656,60.350284576416016
2024-04-01,39.803733825683594,,68.13953399658203,54.79127502441406,60.24238967895508
2024-04-02,39.92947769165039,,67.79049682617188,54.33571243286133,59.85987091064453
2024-04-03,39.95849609375,,68.2558822631836,54.70586013793945,59.91872787475586
2024-04-04,39.81340408325195,,67.5481185913086,54.2692756652832,59.192909240722656
2024-04-05,39.90045928955078,,67.74202728271484,54.4211311340332,59.81083679199219
2024-04-08,40.16162872314453,,68.08135986328125,54.72483825683594,59.850067138671875
2024-04-09,40.432464599609375,,68.33344268798828,54.60145568847656,59.908912658691406
2024-04-10,39.8811149597168,,67.2669448852539,53.94658279418945,59.32041931152344
2024-04-11,40.12294006347656,,67.85836029052734,53.99403381347656,59.76179122924805
2024-04-12,39.20401382446289,,66.95668029785156,53.08290481567383,58.918277740478516
2024-04-15,38.95252227783203,,66.67552185058594,52.98800277709961,58.18266296386719
2024-04-16,38.43986129760742,,65.74475860595703,52.59886169433594,58.0845832824707
2024-04-17,38.41084289550781,,65.04669189453125,52.760215759277344,57.751094818115234
2024-04-18,38.565608978271484,,64.85277557373047,52.67479705810547,57.63339614868164
2024-04-19,38.41084289550781,,64.46495819091797,52.7886848449707,57.12336730957031
2024-04-22,38.82677459716797,,65.12425231933594,53.36763381958008,57.65300750732422
2024-04-23,39.14598083496094,,65.26968383789062,54.14589309692383,58.33959197998047
2024-04-24,39.28139877319336,,65.55085754394531,53.8896369934082,58.31997299194336
2024-04-25,39.36845779418945,,64.53282928466797,53.7757453918457,58.094383239746094
2024-04-26,39.82307815551758,,65.0854721069336,54.20283889770508,58.64365005493164
2024-04-29,40.209991455078125,,65.67689514160156,54.354698181152344,58.8496208190918
2024-04-30,39.64896774291992,,65.22120666503906,53.557456970214844,57.927642822265625
2024-05-01,39.68765640258789,,65.06608581542969,53.45305252075195,57.71186065673828
2024-05-02,40.71297836303711,,66.38465881347656,54.01301956176758,58.270931243896484
2024-05-03,41.08055114746094,,67.15059661865234,54.47807693481445,58.97713088989258
2024-05-06,41.11923599243164,,67.5481185913086,54.90516662597656,59.59504699707031
2024-05-07,40.887088775634766,,66.81126403808594,55.25634002685547,59.673519134521484
2024-05-08,40.896759033203125,,65.96775817871094,55.4461555480957,59.653900146484375
2024-05-09,41.02251052856445,,66.25861358642578,55.93019485473633,60.01679992675781
2024-05-10,41.10956573486328,,65.8804931640625,56.1674690246582,60.095272064208984
2024-05-13,41.419097900390625,,65.61872100830078,56.2054328918457,60.10507583618164
2024-05-14,41.641571044921875,,66.13257598876953,56.67997741699219,60.36989974975586
2024-05-15,42.08652114868164,,66.86943817138672,57.25893020629883,61.125144958496094
2024-05-16,42.17357635498047,,66.19075012207031,57.00267028808594,60.99763107299805
2024-05-17,42.357364654541016,,66.63674926757812,57.1165657043457,61.07610321044922
2024-05-20,42.202598571777344,,67.11182403564453,57.08809280395508,61.154563903808594
2024-05-21,41.94143295288086,,66.7239990234375,57.10707092285156,61.31149673461914
2024-05-22,41.80601119995117,,65.9483642578125,56.63252258300781,61.125144958496094
2024-05-23,41.496482849121094,,65.65750885009766,56.3572883605957,60.67395782470703
2024-05-24,41.612552642822266,,66.37496185302734,56.8128547668457,61.09571838378906
2024-05-28,41.55451583862305,,66.75308990478516,56.73692321777344,61.134952545166016
2024-05-29,40.935455322265625,,65.41511535644531,55.84477233886719,60.693572998046875
2024-05-30,40.81937789916992,,65.98715209960938,56.39524459838867,60.30124282836914
2024-05-31,40.422794342041016,,66.86943817138672,56.94572448730469,60.830894470214844
2024-06-03,40.84839630126953,,67.28633117675781,56.98368835449219,60.87993621826172
2024-06-04,40.27770233154297,,67.36389923095703,56.84132385253906,60.96820831298828
2024-06-05,40.92578125,,67.16999053955078,57.28740310668945,61.69401550292969
2024-06-06,41.12891387939453,,67.1312026977539,57.46772766113281,61.67440414428711
2024-06-07,40.664615631103516,,66.63674926757812,56.80335998535156,61.59593963623047
2024-06-10,40.90643310546875,,67.22815704345703,56.59456253051758,61.79209899902344
2024-06-11,40.770084381103516,,66.47511291503906,55.928260803222656,61.93922805786133
2024-06-12,41.179141998291016,,66.79743194580078,56.75144958496094,62.439453125
2024-06-13,41.081748962402344,,65.58631134033203,55.90889358520508,62.57676315307617
2024-06-14,41.13044738769531,,65.5667724609375,55.01791763305664,62.6061897277832
2024-06-17,41.39341735839844,,65.05888366699219,55.434356689453125,63.13583755493164
2024-06-18,41.77326202392578,,65.10772705078125,55.724891662597656,63.27314758300781
2024-06-20,41.70508575439453,,64.93191528320312,55.85078811645508,63.11621856689453
2024-06-21,41.55898666381836,,64.47286224365234,55.385929107666016,62.969093322753906
2024-06-24,41.55898666381836,,64.96121215820312,55.90889358520508,62.82423400878906
2024-06-25,41.46159362792969,,65.98675537109375,55.79268264770508,63.07029342651367
2024-06-26,41.37393569946289,,65.7425765991211,55.29876708984375,63.14903259277344
2024-06-27,41.40315628051758,,66.07466888427734,55.221290588378906,63.22776412963867
2024-06-28,41.48107147216797,,66.65093231201172,55.153499603271484,62.99155044555664
2024-07-01,41.578468322753906,,66.21141052246094,55.444034576416016,63.12934875488281
2024-07-02,41.70508575439453,,67.2564926147461,55.33750915527344,63.562408447265625
2024-07-03,42.31867980957031,,67.87181854248047,56.005741119384766,63.83800506591797
2024-07-05,42.493995666503906,,68.33087158203125,56.47060012817383,64.22184753417969
2024-07-08,42.50373458862305,,67.99879455566406,56.21880340576172,64.2907485961914
2024-07-09,42.679046630859375,,68.36994934082031,55.70552062988281,64.3399658203125
2024-07-10,42.92253875732422,,69.62013244628906,56.451229095458984,64.95018768310547
2024-07-11,43.1757698059082,,69.3564224243164,56.67397689819336,64.418701171875
2024-07-12,43.351078033447266,,69.73734283447266,57.34220886230469,64.8124008178711
2024-07-15,42.8933219909668,,69.40525817871094,56.75144958496094,64.98956298828125
2024-07-16,43.136810302734375,,70.22570037841797,56.96451187133789,65.39310455322266
2024-07-17,42.4355583190918,,69.81548309326172,56.67397689819336,64.4679183959961
2024-07-18,42.036231994628906,,68.76062774658203,56.228485107421875,63.9659538269043
2024-07-19,41.62717056274414,,68.33087158203125,55.8895263671875,63.55256652832031
2024-07-22,41.9777946472168,,68.6629638671875,56.67397689819336,64.2120132446289
2024-07-23,41.60769271850586,,68.60435485839844,56.170379638671875,64.08406066894531
2024-07-24,41.00382995605469,,67.2564926147461,55.64741134643555,62.63722229003906
2024-07-25,40.8382568359375,,66.2016372680664,55.46340560913086,62.322265625
2024-07-26,41.25706100463867,,67.09044647216797,56.228485107421875,63.00139617919922
2024-07-29,41.12070846557617,,67.24671936035156,55.85078811645508,63.060447692871094
2024-07-30,40.93565368652344,,67.33462524414062,56.034793853759766,62.735652923583984
2024-07-31,41.83169937133789,,69.31735229492188,56.538394927978516,63.70021057128906
2024-08-01,41.101226806640625,,65.97700500488281,55.40530014038086,62.853755950927734
2024-08-02,40.516849517822266,,63.144527435302734,54.97917938232422,61.70219802856445
2024-08-05,39.36757278442383,,61.95293426513672,53.7589225769043,59.88134765625
2024-08-06,39.59158706665039,,61.65015411376953,53.913875579833984,60.432518005371094
2024-08-07,39.835079193115234,,62.67570495605469,53.991355895996094,60.02898406982422
2024-08-08,40.74086380004883,,64.00403594970703,54.74674987792969,61.43644714355469
2024-08-09,40.96487808227539,,63.84776306152344,55.08570861816406,61.67266845703125
2024-08-12,41.101226806640625,,64.19937896728516,54.9404411315918,61.74156188964844
2024-08-13,41.55898666381836,,66.03559875488281,55.70552062988281,62.755332946777344
2024-08-14,41.33498001098633,,66.13327026367188,56.04447937011719,62.95218276977539
2024-08-15,41.79274368286133,,67.40299987792969,56.586814880371094,64.02501678466797
2024-08-16,42.27972412109375,,67.75462341308594,56.848297119140625,64.16280364990234
2024-08-19,42.68878936767578,,68.72156524658203,57.555267333984375,64.78287506103516
2024-08-20,42.357643127441406,,68.38947296142578,57.439056396484375,64.67459869384766
2024-08-21,42.52321243286133,,69.18061828613281,57.981388092041016,64.91082763671875
2024-08-22,41.99727249145508,,68.67272186279297,57.6230583190918,64.3891830444336
2024-08-23,42.69852828979492,,70.2550048828125,58.620567321777344,65.05846405029297
2024-08-26,42.33816146850586,,69.3759536743164,58.44624710083008,64.90098571777344
2024-08-27,42.3965950012207,,70.05966186523438,58.70772933959961,65.0092544555664
2024-08-28,42.13362503051758,,69.75687408447266,58.4559326171875,64.6352310180664
2024-08-29,42.153106689453125,,69.87408447265625,58.630252838134766,64.64508056640625
2024-08-30,42.24076461791992,,70.2940673828125,58.620567321777344,65.2356185913086
2024-09-03,41.40315628051758,,69.23921203613281,57.5068473815918,63.916744232177734
2024-09-04,41.39341735839844,,68.5262222290039,57.38094711303711,63.769107818603516
2024-09-05,41.45185470581055,,68.93643951416016,57.28410339355469,63.62146759033203
2024-09-06,40.692161560058594,,66.5044174194336,56.480281829833984,62.54864501953125
2024-09-09,41.033050537109375,,67.71554565429688,56.83860778808594,63.25728988647461
2024-09-10,40.87721633911133,,67.52996826171875,56.61586380004883,63.542724609375
2024-09-11,41.179141998291016,,67.94019317626953,56.90639877319336,64.17263793945312
2024-09-12,41.52003479003906,,68.61412811279297,57.303466796875,64.71397399902344
2024-09-13,41.71482849121094,,68.24297332763672,57.613380432128906,65.05846405029297
2024-09-16,41.85118103027344,,68.89736938476562,58.06855010986328,65.13719940185547
2024-09-17,41.899879455566406,,68.0866928100586,57.78769302368164,65.18640899658203
2024-09-18,41.753780364990234,,67.7741470336914,57.71022415161133,64.99940490722656
2024-09-19,42.64008712768555,,69.57130432128906,58.69804382324219,66.11160278320312
2024-09-20,42.552433013916016,,69.61036682128906,57.923282623291016,65.98365020751953
2024-09-23,42.88357925415039,,70.03035736083984,58.06855010986328,66.1572036743164
2024-09-24,44.34452438354492,,69.42478942871094,58.630252838134766,66.34481811523438
2024-09-25,43.87702178955078,,69.29781341552734,58.320350646972656,66.19670104980469
2024-09-26,45.48406219482422,,71.29031372070312,59.56965255737305,66.46330261230469
2024-09-27,45.39640426635742,,69.42478942871094,59.55028533935547,66.37444305419922
2024-09-30,44.665931701660156,,69.87408447265625,59.00795364379883,66.66079711914062
2024-10-01,44.98733901977539,,69.97174835205078,58.368770599365234,66.03871154785156
2024-10-02,45.87364196777344,,69.57130432128906,58.23318862915039,66.05845642089844
2024-10-03,45.32822799682617,,69.29781341552734,57.60369110107422,65.94984436035156
2024-10-04,45.747032165527344,,70.20616149902344,57.87485885620117,66.54229736328125
2024-10-07,46.12687683105469,,69.38572692871094,57.613380432128906,65.93009185791016
2024-10-08,44.98733901977539,,69.6006088256836,57.45842361450195,66.55217742919922
2024-10-09,44.74384689331055,,69.23921203613281,57.6521110534668,67.01627349853516
2024-10-10,44.83150100708008,,69.24898529052734,57.49715805053711,66.90764617919922
2024-10-11,45.15291213989258,,69.39550018310547,57.845802307128906,67.31248474121094
2024-10-14,44.967857360839844,,69.5126953125,58.05886459350586,67.8555679321289
2024-10-15,44.01337432861328,,68.0866928100586,57.109779357910156,67.33224487304688
2024-10-16,44.35426712036133,,68.49691772460938,57.167884826660156,67.62845611572266
2024-10-17,44.28608703613281,,68.13552856445312,57.25504684448242,67.6482162475586
2024-10-18,44.724369049072266,,68.49691772460938,57.6521110534668,67.88519287109375
2024-10-21,44.41270065307617,,67.36392974853516,56.97419738769531,67.78645324707031
2024-10-22,44.315303802490234,,66.47511291503906,56.77082061767578,67.74695587158203
2024-10-23,44.05233383178711,,65.11749267578125,56.38343811035156,67.1248779296875
2024-10-24,43.98415756225586,,65.6546859741211,56.60618591308594,67.27298736572266
2024-10-25,43.94519805908203,,65.67420959472656,56.38343811035156,67.25325012207031
2024-10-28,44.139991760253906,,66.12349700927734,56.89672088623047,67.46060180664062
2024-10-29,44.00363540649414,,66.76813507080078,56.451229095458984,67.56922149658203
2024-10-30,43.575096130371094,,66.82673645019531,56.01542663574219,67.35198211669922
2024-10-31,43.29264450073242,,66.4848861694336,55.49245834350586,66.03871154785156
2024-11-01,43.33160400390625,,66.39698791503906,55.744258880615234,66.31520080566406
2024-11-04,43.575096130371094,,66.4555892944336,55.773311614990234,66.17694854736328
2024-11-05,44.169212341308594,,67.46159362792969,56.2381706237793,66.9668960571289
2024-11-06,43.6237907409668,,67.76437377929688,54.95012664794922,68.63563537597656
2024-11-07,44.5880126953125,,68.35041046142578,55.773311614990234,69.17871856689453
2024-11-08,43.4874382019043,,67.81321716308594,54.95012664794922,69.48481750488281
2024-11-11,43.156288146972656,,67.97925567626953,54.930755615234375,69.53418731689453
2024-11-12,42.33816146850586,,66.90486907958984,53.836402893066406,69.33670043945312
2024-11-13,42.06544876098633,,66.1625747680664,53.49744415283203,69.3663330078125
2024-11-14,41.83169937133789,,66.24070739746094,53.662078857421875,68.912109375
2024-11-15,41.83169937133789,,65.91838836669922,53.49744415283203,68.02342224121094
2024-11-18,42.30894088745117,,66.29930877685547,53.71050262451172,68.30977630615234
2024-11-19,42.27972412109375,,66.2016372680664,53.56523513793945,68.56651306152344
2024-11-20,42.23102569580078,,65.7132797241211,53.429649353027344,68.59613800048828
2024-11-21,42.143367767333984,,65.89886474609375,53.33280563354492,68.95160675048828
2024-11-22,42.153106689453125,,66.36767578125,53.51681137084961,69.1688461303711
2024-11-25,42.18233108520508,,66.82673645019531,53.81703186035156,69.40582275390625
2024-11-26,42.00701141357422,,66.4848861694336,53.50712585449219,69.78103637695312
2024-11-27,42.06544876098633,,66.29930877685547,53.942935943603516,69.55393981933594
2024-11-29,42.13362503051758,,68.0671615600586,54.533687591552734,69.99827575683594
2024-12-02,42.29920196533203,,68.89736938476562,54.514320373535156,70.11676788330078
2024-12-03,42.38685607910156,,69.88385009765625,54.708011627197266,70.1463851928711
2024-12-04,42.493995666503906,,69.4931640625,54.89201736450195,70.5907211303711
2024-12-05,42.77643966674805,,69.3661880493164,55.385929107666016,70.47223663330078
2024-12-06,42.7082633972168,,69.42478942871094,55.45372009277344,70.62034606933594
2024-12-09,43.584835052490234,,68.81922912597656,55.39561462402344,70.23524475097656
2024-12-10,42.88357925415039,,68.44808197021484,54.95012664794922,70.00814056396484
2024-12-11,43.05889129638672,,69.41503143310547,55.20192337036133,70.56110382080078
2024-12-12,42.84462356567383,,68.73133087158203,54.708011627197266,70.20562744140625
2024-12-13,42.88357925415039,,67.920654296875,54.737064361572266,70.19575500488281
2024-12-16,42.64982986450195,,67.56903839111328,54.58211135864258,70.48210906982422
2024-12-17,42.54781723022461,,67.33493041992188,54.38396072387695,70.19575500488281
2024-12-18,41.557411193847656,,65.6485824584961,53.13814926147461,68.10242462158203
2024-12-19,41.696067810058594,,65.85689544677734,52.92234420776367,68.08267211914062
2024-12-20,41.864437103271484,,65.67833709716797,52.81443786621094,68.85286712646484
2024-12-23,42.102134704589844,,65.95609283447266,53.08910369873047,69.31695556640625
2024-12-24,42.23088836669922,,65.91641235351562,53.363773345947266,70.04765319824219
2024-12-26,42.08232879638672,,66.68022918701172,53.55015182495117,70.0772705078125
2024-12-27,41.89414978027344,,67.18614196777344,53.38338851928711,69.35263061523438
2024-12-30,41.557411193847656,,66.62071990966797,53.000816345214844,68.56002044677734
2024-12-31,41.41875457763672,,66.56119537353516,52.9517707824707,68.30242919921875
2025-01-02,41.35932922363281,,66.47191619873047,52.77519989013672,68.13399505615234
2025-01-03,41.74559020996094,,66.73974609375,52.981197357177734,68.98604583740234
2025-01-06,41.89414978027344,,66.88854217529297,53.64824676513672,69.3823471069336
2025-01-07,41.59702682495117,,66.72982788085938,53.66786575317383,68.62937927246094
2025-01-08,41.39894485473633,,66.56119537353516,53.50110626220703,68.68882751464844
2025-01-10,40.69575881958008,,64.71612548828125,52.92234420776367,67.66835021972656
2025-01-13,40.4184455871582,,64.89468383789062,52.667293548583984,67.77734375
2025-01-14,40.8740348815918,,64.76573181152344,52.892913818359375,67.84668731689453
2025-01-15,41.408851623535156,,65.73785400390625,53.55015182495117,69.0752182006836
2025-01-16,41.35932922363281,,65.32122802734375,54.07005310058594,68.95632934570312
2025-01-17,41.68616485595703,,65.6485824584961,54.305484771728516,69.63994598388672
2025-01-21,42.1318473815918,,66.78935241699219,55.561100006103516,70.283935546875
2025-01-22,42.16156005859375,,66.70999145507812,55.39434051513672,70.68022918701172
2025-01-23,42.260597229003906,,67.2754135131836,55.88481903076172,71.0666275024414
2025-01-24,42.53791427612305,,67.93011474609375,56.139862060546875,70.84866333007812
2025-01-27,41.76539611816406,,67.19605255126953,56.345863342285156,69.86781311035156
2025-01-28,42.07242202758789,,67.761474609375,56.159481048583984,70.46227264404297
2025-01-29,42.08232879638672,,67.55316162109375,56.19872283935547,70.14523315429688
2025-01-30,42.79541778564453,,68.56497955322266,56.738243103027344,70.50189971923828
2025-01-31,42.310123443603516,,67.761474609375,56.345863342285156,70.14523315429688
2025-02-03,42.00309371948242,,67.11669921875,55.5218620300293,69.65975952148438
2025-02-04,42.755802154541016,,67.72179412841797,56.26738739013672,70.13532257080078
2025-02-05,42.64685821533203,,68.56497955322266,56.79710388183594,70.43254089355469
2025-02-06,42.82513427734375,,68.84272766113281,57.15024185180664,70.67032623291016
2025-02-07,42.78551483154297,,67.93011474609375,56.649959564208984,70.0263442993164
2025-02-10,43.3005256652832,,68.19794464111328,56.993289947509766,70.49199676513672
2025-02-11,43.13215637207031,,68.18802642822266,57.43471908569336,70.54153442382812
2025-02-12,43.36985397338867,,67.47380065917969,57.817291259765625,70.32357025146484
2025-02-13,43.64716720581055,,68.70384979248047,58.45491027832031,71.0666275024414
2025-02-14,43.98390579223633,,68.81297302246094,58.6314811706543,71.05671691894531
2025-02-18,44.2612190246582,,69.53710174560547,58.965003967285156,71.2647705078125
2025-02-19,44.191890716552734,,69.06095886230469,58.25872039794922,71.4332046508789
2025-02-20,44.597957611083984,,69.15023803710938,58.670719146728516,71.135986328125
2025-02-21,44.46920394897461,,68.53520965576172,58.36662292480469,69.93717193603516
2025-02-24,43.785823822021484,,68.22770690917969,58.464717864990234,69.61022186279297
2025-02-25,43.81553649902344,,68.91216278076172,59.043479919433594,69.26346588134766
2025-02-26,44.25131607055664,,68.95184326171875,59.161197662353516,69.27336120605469
2025-02-27,43.38966369628906,,68.44593811035156,58.32738494873047,68.19345092773438
2025-02-28,42.79541778564453,,67.92019653320312,58.78843307495117,69.24364471435547
2025-03-03,42.4190673828125,,68.65425109863281,59.55357360839844,68.06464385986328
2025-03-04,42.77560806274414,,68.08882904052734,59.67129135131836,67.24232482910156
2025-03-05,44.0532341003418,,69.58670806884766,61.07405090332031,67.965576171875
2025-03-06,43.77592086791992,,69.05104064941406,60.44623947143555,66.76676177978516
2025-03-07,43.99380874633789,,69.6065444946289,61.358524322509766,67.1234359741211
2025-03-10,42.9439811706543,,68.12850952148438,59.739959716796875,65.34008026123047
2025-03-11,43.3005256652832,,67.71188354492188,59.67129135131836,64.81497955322266
2025-03-12,43.53822326660156,,68.96176147460938,59.838050842285156,65.14192962646484
2025-03-13,43.359947204589844,,68.70384979248047,59.41624069213867,64.27997589111328
2025-03-14,44.15227508544922,,69.78509521484375,60.60319137573242,65.5877685546875
2025-03-17,44.90498352050781,,70.51914978027344,61.20157241821289,66.08314514160156
2025-03-18,44.677188873291016,,70.32076263427734,61.48604965209961,65.39952850341797
2025-03-19,44.786136627197266,,71.12425231933594,61.47623825073242,66.08314514160156
2025-03-20,44.37016296386719,,70.74730682373047,60.86804962158203,65.94444274902344
2025-03-21,44.15227508544922,,70.75723266601562,60.348148345947266,65.95435333251953
2025-03-24,44.3503532409668,,70.5985107421875,60.31871795654297,67.10362243652344
2025-03-25,44.22160339355469,,71.10441589355469,60.642433166503906,67.25222778320312
2025-03-26,43.954193115234375,,70.181884765625,59.81843185424805,66.4893569946289
2025-03-27,44.172080993652344,,70.08268737792969,59.90671920776367,66.29120635986328
2025-03-28,43.35004806518555,,68.66416931152344,59.63205337524414,64.9765853881836
2025-03-31,43.28071975708008,,68.00946807861328,59.00424575805664,65.36422729492188
2025-04-01,43.419376373291016,,67.65235900878906,59.10233688354492,65.59284210205078
2025-04-02,43.47880172729492,,67.67220306396484,59.29853057861328,65.99044036865234
2025-04-03,42.55772399902344,,64.884765625,58.56281661987305,62.85940170288086
2025-04-04,40.19065475463867,,61.01607894897461,54.6488151550293,59.09220504760742
2025-04-07,38.69514083862305,,60.827606201171875,52.99100875854492,58.972930908203125
2025-04-08,38.15041732788086,,61.15496063232422,52.72615051269531,58.05846405029297
2025-04-09,40.7947998046875,,65.80729675292969,56.86576843261719,63.54524230957031
2025-04-10,40.091609954833984,,63.704322814941406,55.86520004272461,61.32866668701172
2025-04-11,41.34942626953125,,65.29147338867188,57.44453048706055,62.42204666137695
2025-04-14,41.72578048706055,,66.36280059814453,57.89576721191406,62.998558044433594
2025-04-15,41.68616485595703,,66.89846801757812,58.4352912902832,62.83951950073242
2025-04-16,41.20086669921875,,66.24376678466797,58.25872039794922,61.4578857421875
2025-04-17,41.51779556274414,,67.52340698242188,58.74919509887695,61.54733657836914
2025-04-21,41.50789260864258,,67.3746109008789,58.42548370361328,60.096126556396484
2025-04-22,42.1318473815918,,68.7137680053711,59.602622985839844,61.597042083740234
2025-04-23,42.61714553833008,,68.92208862304688,59.75957489013672,62.59102249145508
2025-04-24,43.11234664916992,,69.71566009521484,60.56395721435547,63.89313507080078
2025-04-25,43.03311538696289,,70.20172119140625,60.84843063354492,64.3503646850586
2025-04-28,43.11234664916992,,71.16393280029297,61.20157241821289,64.4100112915039
2025-04-29,43.231197357177734,,71.44168853759766,61.309478759765625,64.77777862548828
2025-04-30,43.34014129638672,,70.8564224243164,61.36833572387695,64.80760192871094
2025-05-01,43.330238342285156,,70.5985107421875,61.064239501953125,65.2946548461914
2025-05-02,44.56824493408203,,71.31272888183594,62.40814208984375,66.23893737792969
2025-05-05,44.90498352050781,,71.8087158203125,62.48662185668945,65.89104461669922
2025-05-06,44.72671127319336,,71.84839630126953,62.31985855102539,65.34434509277344
2025-05-07,44.21169662475586,,71.40201568603516,62.162906646728516,65.62266540527344
2025-05-08,44.18198776245117,,71.25321197509766,61.937286376953125,66.05007934570312
2025-05-09,44.47910690307617,,71.43177032470703,62.30023956298828,65.98049926757812
2025-05-12,45.43980407714844,,72.2154312133789,62.40814208984375,68.14737701416016
2025-05-13,45.5190315246582,,71.66983795166016,62.64357376098633,68.61454772949219
2025-05-14,45.86567687988281,,70.87625885009766,62.52585983276367,68.6940689086914
2025-05-15,45.84586715698242,,71.71944427490234,63.14385986328125,69.03202056884766
2025-05-16,45.81615447998047,,71.90791320800781,63.34986114501953,69.47931671142578
2025-05-19,45.91519546508789,,71.98727416992188,64.04633331298828,69.54889678955078
2025-05-20,45.86567687988281,,72.40390014648438,64.53681182861328,69.31034088134766
2025-05-21,45.746826171875,,71.72935485839844,64.15424346923828,68.1573257446289
2025-05-22,45.5982666015625,,71.78887939453125,64.11499786376953,68.1573257446289
2025-05-23,45.786441802978516,,72.44357299804688,64.0267105102539,67.71996307373047
2025-05-27,45.67749786376953,,74.34815979003906,64.7624282836914,69.10160064697266
2025-05-28,45.469512939453125,,73.0189208984375,64.1346206665039,68.70401000976562
2025-05-29,45.63788604736328,,73.435546875,64.37985229492188,68.98233032226562
2025-05-30,45.083255767822266,,73.52482604980469,64.44852447509766,68.91275024414062
2025-06-02,45.41008758544922,,74.43743896484375,65.1548080444336,69.29045104980469
2025-06-03,45.5190315246582,,73.53474426269531,64.60547637939453,69.70793151855469
2025-06-04,46.08356475830078,,73.48514556884766,65.02729034423828,69.66816711425781
2025-06-05,46.32126235961914,,72.80068969726562,65.13519287109375,69.34015655517578
2025-06-06,46.46982192993164,,73.22723388671875,65.30194854736328,70.04589080810547
2025-06-09,46.86598587036133,,73.33634948730469,65.30194854736328,70.10552215576172
2025-06-10,47.13339614868164,,73.28675079345703,65.40985870361328,70.51305389404297
2025-06-11,47.331478118896484,,73.07843780517578,65.38043212890625,70.31425476074219
2025-06-12,47.41070556640625,,73.61410522460938,65.92976379394531,70.58263397216797
2025-06-13,46.65800094604492,,73.00900268554688,64.93899536132812,69.79739379882812
2025-06-16,47.22999954223633,,73.1500015258789,65.2300033569336,70.47329711914062
2025-06-17,46.61000061035156,,72.27999877929688,64.31999969482422,69.87691497802734
2025-06-18,46.599998474121094,,73.05000305175781,64.23999786376953,69.85702514648438
2025-06-20,46.33000183105469,,71.76000213623047,63.880001068115234,69.68804931640625
2025-06-23,46.709999084472656,,72.0199966430664,64.43000030517578,70.36396026611328
2025-06-24,47.91999816894531,,72.73999786376953,65.33000183105469,71.15914154052734
2025-06-25,47.959999084472656,,72.44000244140625,64.88999938964844,71.19890594482422
2025-06-26,48.279998779296875,,73.97000122070312,65.48999786376953,71.75553894042969
2025-06-27,48.09000015258789,,75.27999877929688,66.0999984741211,72.09809112548828
2025-06-30,48.2400016784668,,74.97000122070312,66.19999694824219,72.46695709228516
2025-07-01,48.33000183105469,,74.41999816894531,66.16999816894531,72.42707824707031
2025-07-02,48.540000915527344,,74.45999908447266,66.30999755859375,72.74609375
2025-07-03,48.7599983215332,,74.5999984741211,66.30999755859375,73.34425354003906
2025-07-07,48.06999969482422,,72.81999969482422,65.9000015258789,72.805908203125
2025-07-08,48.369998931884766,,73.19000244140625,66.48999786376953,72.74609375
2025-07-09,48.290000915527344,,73.30000305175781,67.08999633789062,73.18474578857422
2025-07-10,48.41999816894531,,72.94000244140625,67.06999969482422,73.40406799316406
2025-07-11,48.2599983215332,,72.36000061035156,66.30999755859375,73.12493133544922
2025-07-14,48.33000183105469,,72.41000366210938,66.30000305175781,73.27446746826172
2025-07-15,48.68000030517578,,71.69000244140625,65.52999877929688,72.95545196533203
2025-07-16,48.90999984741211,,72.0199966430664,65.86000061035156,73.20468139648438
2025-07-17,49.189998626708984,,72.38999938964844,65.94000244140625,73.63336181640625
2025-07-18,49.08000183105469,,71.80999755859375,65.76000213623047,73.61341857910156
2025-07-21,49.400001525878906,,72.61000061035156,66.08000183105469,73.7330551147461
2025-07-22,49.43000030517578,,72.9800033569336,66.38999938964844,73.75299835205078
2025-07-23,49.93000030517578,,76.48999786376953,67.80999755859375,74.36112213134766
2025-07-24,49.65999984741211,,76.55000305175781,67.04000091552734,74.42094421386719
2025-07-25,49.5099983215332,,75.68000030517578,67.13999938964844,74.70008087158203
2025-07-28,49.18000030517578,,74.2699966430664,66.02999877929688,74.70008087158203
2025-07-29,49.20000076293945,,73.87999725341797,65.8499984741211,74.51066589355469
2025-07-30,48.84000015258789,,73.9800033569336,65.16999816894531,74.42094421386719
2025-07-31,48.560001373291016,,73.62000274658203,64.37999725341797,74.11188507080078
2025-08-01,48.20000076293945,,74.06999969482422,64.16999816894531,72.92554473876953
2025-08-04,48.70000076293945,,75.29000091552734,64.9000015258789,74.02217102050781
2025-08-05,48.84000015258789,,75.02999877929688,65.0,73.66326904296875
2025-08-06,49.06999969482422,,76.02999877929688,65.29000091552734,74.21158599853516
2025-08-07,49.47999954223633,,76.62000274658203,65.9000015258789,74.16173553466797
2025-08-08,49.439998626708984,,77.93000030517578,66.0999984741211,74.72998809814453
2025-08-11,49.29999923706055,,77.79000091552734,65.73999786376953,74.57048034667969
2025-08-12,49.900001525878906,,79.2300033569336,66.30999755859375,75.38796997070312
2025-08-13,50.5,,79.2699966430664,66.87000274658203,75.62722778320312
2025-08-14,49.880001068115234,,78.80000305175781,67.01000213623047,75.64716339111328
2025-08-15,49.939998626708984,,80.1500015258789,67.20999908447266,75.4776840209961
2025-08-18,50.22999954223633,,80.30000305175781,67.05000305175781,75.45774841308594
2025-08-19,49.81999969482422,,80.0199966430664,67.16999816894531,75.03903198242188
2025-08-20,49.75,,79.63999938964844,67.5999984741211,74.83965301513672
2025-08-21,49.63999938964844,,78.69999694824219,67.19000244140625,74.54056549072266
2025-08-22,50.630001068115234,,80.0199966430664,68.19000244140625,75.67707824707031
2025-08-25,50.34000015258789,,79.05000305175781,67.22000122070312,75.36802673339844
2025-08-26,50.209999084472656,,78.91999816894531,67.08000183105469,75.67707824707031
2025-08-27,49.90999984741211,,78.62999725341797,66.91000366210938,75.85652160644531
2025-08-28,50.099998474121094,,79.29000091552734,67.02999877929688,76.12569427490234
2025-08-29,49.86000061035156,,78.27999877929688,66.73999786376953,75.66710662841797
2025-09-02,49.81999969482422,,78.1500015258789,65.88999938964844,75.10881805419922
2025-09-03,50.0099983215332,,77.93000030517578,66.12000274658203,75.49762725830078
2025-09-04,49.849998474121094,,78.7300033569336,66.4800033569336,76.13566589355469
2025-09-05,50.45000076293945,,79.18000030517578,66.83000183105469,75.91633605957031
2025-09-08,50.90999984741211,,80.95999908447266,67.23999786376953,76.11572265625
2025-09-09,51.189998626708984,,80.05999755859375,67.1500015258789,76.28520202636719
2025-09-10,51.540000915527344,,80.36000061035156,66.95999908447266,76.51449584960938
2025-09-11,52.290000915527344,,81.31999969482422,67.66000366210938,77.13259887695312
2025-09-12,52.2599983215332,,80.76000213623047,67.47000122070312,77.11265563964844
2025-09-15,52.63999938964844,,81.3499984741211,67.94999694824219,77.51142883300781
2025-09-16,53.029998779296875,,81.3499984741211,67.77999877929688,77.42170715332031
2025-09-17,53.2599983215332,,81.16999816894531,67.52999877929688,77.32200622558594
2025-09-18,53.130001068115234,,81.48999786376953,67.80999755859375,77.680908203125
2025-09-19,53.0099983215332,,80.79000091552734,67.56999969482422,78.05974578857422
2025-09-22,53.27000045776367,,81.25,67.79000091552734,78.4385757446289
2025-09-23,53.29999923706055,,81.08999633789062,67.77999877929688,78.02983093261719
2025-09-24,53.119998931884766,,80.8499984741211,67.33999633789062,77.76065826416016
2025-09-25,52.810001373291016,,80.45999908447266,66.66999816894531,77.40176391601562
2025-09-26,52.709999084472656,,80.44000244140625,67.36000061035156,77.8499984741211
2025-09-29,53.189998626708984,,80.51000213623047,67.6500015258789,78.06999969482422
2025-09-30,53.400001525878906,,80.20999908447266,68.12000274658203,78.33999633789062
2025-10-01,53.81999969482422,,80.20999908447266,68.9800033569336,78.62999725341797
2025-10-02,54.06999969482422,,80.1500015258789,69.08000183105469,78.72000122070312
2025-10-03,54.22999954223633,,81.77999877929688,69.4800033569336,78.7300033569336
2025-10-06,54.47999954223633,,83.2699966430664,69.22000122070312,79.01000213623047
2025-10-07,54.060001373291016,,81.95999908447266,68.66000366210938,78.72000122070312
2025-10-08,54.4900016784668,,81.75,69.13999938964844,79.18000030517578
2025-10-09,53.93000030517578,,81.55000305175781,68.37999725341797,78.95999908447266
2025-10-10,51.939998626708984,,78.36000061035156,67.62000274658203,76.83999633789062
2025-10-13,53.45000076293945,,79.29000091552734,68.05000305175781,78.0
2025-10-14,52.970001220703125,,80.04000091552734,68.33999633789062,77.91000366210938
2025-10-15,53.84000015258789,,81.29000091552734,68.45999908447266,78.23999786376953
2025-10-16,54.189998626708984,,81.55000305175781,68.9000015258789,77.7300033569336
2025-10-17,54.18000030517578,,82.0,68.94999694824219,78.16000366210938
2025-10-20,54.91999816894531,,83.54000091552734,69.2699966430664,78.97000122070312
2025-10-21,54.310001373291016,,82.56999969482422,68.83000183105469,78.97000122070312
2025-10-22,54.2599983215332,,82.18000030517578,68.88999938964844,78.55000305175781
2025-10-23,54.7400016784668,,82.22000122070312,69.22000122070312,79.01000213623047
2025-10-24,55.099998474121094,,82.5,69.33000183105469,
2025-10-27,55.709999084472656,,83.52999877929688,69.66000366210938,80.61000061035156
2025-10-28,55.689998626708984,,83.93000030517578,69.48999786376953,80.81999969482422
2025-10-29,56.0099983215332,,83.2300033569336,69.11000061035156,80.86000061035156
2025-10-30,55.43000030517578,,83.20999908447266,68.79000091552734,80.0
2025-10-31,55.29999923706055,,83.44999694824219,68.51000213623047,80.23999786376953
2025-11-03,55.650001525878906,,83.63999938964844,68.4000015258789,80.38999938964844
2025-11-04,54.630001068115234,,82.83000183105469,67.62000274658203,79.44999694824219
2025-11-05,55.119998931884766,,82.80000305175781,68.26000213623047,79.70999908447266
2025-11-06,54.709999084472656,,82.95999908447266,67.94999694824219,78.8499984741211
2025-11-07,54.54999923706055,,83.29000091552734,68.25,78.93000030517578
2025-11-10,55.5099983215332,,83.68000030517578,69.05000305175781,80.16000366210938
2025-11-11,55.56999969482422,,83.75,69.80000305175781,80.33000183105469
2025-11-12,55.58000183105469,,84.33999633789062,70.19999694824219,80.37999725341797
2025-11-13,54.93000030517578,,83.01000213623047,69.72000122070312,79.05999755859375
2025-11-14,54.959999084472656,,83.9800033569336,69.16000366210938,79.05000305175781
2025-11-17,54.310001373291016,,82.47000122070312,68.33999633789062,78.31999969482422
2025-11-18,54.040000915527344,,80.77999877929688,67.6500015258789,77.68000030517578
2025-11-19,53.849998474121094,,80.68000030517578,67.41000366210938,77.95999908447266
2025-11-20,53.11000061035156,,79.48999786376953,66.5,76.7699966430664
2025-11-21,53.099998474121094,,81.19000244140625,67.45999908447266,77.52999877929688
2025-11-24,53.65999984741211,,81.73999786376953,67.30000305175781,78.73999786376953
2025-11-25,53.849998474121094,,81.91999816894531,68.45999908447266,79.41999816894531
2025-11-26,54.2400016784668,,83.26000213623047,69.08000183105469,79.95999908447266
2025-11-28,54.31999969482422,,83.01000213623047,69.5199966430664,80.38999938964844
2025-12-01,54.279998779296875,,82.52999877929688,69.18000030517578,80.02999877929688
2025-12-02,54.29999923706055,,82.47000122070312,69.47000122070312,80.18000030517578
2025-12-03,54.34000015258789,,82.61000061035156,69.93000030517578,80.45999908447266
2025-12-04,54.33000183105469,,83.62000274658203,69.87000274658203,80.52999877929688
2025-12-05,54.7400016784668,,83.69999694824219,69.8499984741211,80.66000366210938
