Date,Close
,CNY
2009-01-02,39.54999923706055
2009-01-05,39.59000015258789
2009-01-06,39.61000061035156
2009-01-07,39.52000045776367
2009-01-08,39.41360092163086
2009-01-09,39.43000030517578
2009-01-12,39.439998626708984
2009-01-13,39.439998626708984
2009-01-14,39.47999954223633
2009-01-15,39.47999954223633
2009-01-16,39.560001373291016
2009-01-20,39.56999969482422
2009-01-21,39.5
2009-01-22,39.689998626708984
2009-01-23,39.599998474121094
2009-01-26,39.59000015258789
2009-01-27,39.599998474121094
2009-01-28,39.599998474121094
2009-01-29,39.619998931884766
2009-01-30,39.68000030517578
2009-02-02,39.93000030517578
2009-02-03,40.220001220703125
2009-02-04,40.300201416015625
2009-02-05,40.380001068115234
2009-02-06,40.43000030517578
2009-02-09,40.43000030517578
2009-02-10,40.27000045776367
2009-02-11,40.2400016784668
2009-02-12,40.33000183105469
2009-02-13,40.29999923706055
2009-02-17,40.150001525878906
2009-02-18,40.20000076293945
2009-02-19,40.331298828125
2009-02-20,40.29999923706055
2009-02-23,40.329898834228516
2009-02-24,40.33000183105469
2009-02-25,40.31999969482422
2009-02-26,40.290000915527344
2009-02-27,40.43000030517578
2009-03-02,40.310001373291016
2009-03-03,40.26900100708008
2009-03-04,40.26900100708008
2009-03-05,40.31999969482422
2009-03-06,40.4900016784668
2009-03-09,40.29999923706055
2009-03-10,40.29999923706055
2009-03-11,40.230098724365234
2009-03-12,40.2598991394043
2009-03-13,40.25
2009-03-16,40.25
2009-03-17,40.310001373291016
2009-03-18,40.400001525878906
2009-03-19,40.63600158691406
2009-03-20,40.5
2009-03-23,40.439998626708984
2009-03-24,40.619998931884766
2009-03-25,40.75
2009-03-26,40.90999984741211
2009-03-27,41.01499938964844
2009-03-30,41.10100173950195
2009-03-31,41.18000030517578
2009-04-01,40.981998443603516
2009-04-02,40.7599983215332
2009-04-03,40.97999954223633
2009-04-06,40.661598205566406
2009-04-07,40.810001373291016
2009-04-08,40.75
2009-04-09,40.58000183105469
2009-04-13,40.689998626708984
2009-04-14,40.47600173950195
2009-04-15,40.47999954223633
2009-04-16,40.480098724365234
2009-04-17,40.40999984741211
2009-04-20,40.470001220703125
2009-04-21,40.54999923706055
2009-04-22,40.5
2009-04-23,40.58000183105469
2009-04-24,40.683998107910156
2009-04-27,40.597599029541016
2009-04-28,40.608001708984375
2009-04-29,40.650001525878906
2009-04-30,40.709999084472656
2009-05-01,40.58000183105469
2009-05-04,40.647701263427734
2009-05-05,40.68000030517578
2009-05-06,40.59000015258789
2009-05-07,40.54999923706055
2009-05-08,40.650001525878906
2009-05-11,40.4900016784668
2009-05-12,40.5453987121582
2009-05-13,40.589900970458984
2009-05-14,40.56999969482422
2009-05-15,40.559898376464844
2009-05-18,40.4900016784668
2009-05-19,40.560001373291016
2009-05-20,40.54499816894531
2009-05-21,40.7400016784668
2009-05-22,40.65999984741211
2009-05-26,40.70000076293945
2009-05-27,40.5620002746582
2009-05-28,40.619998931884766
2009-05-29,40.79999923706055
2009-06-01,40.7599983215332
2009-06-02,40.7599983215332
2009-06-03,40.669898986816406
2009-06-04,40.779998779296875
2009-06-05,40.559898376464844
2009-06-08,40.45000076293945
2009-06-09,40.58000183105469
2009-06-10,40.560001373291016
2009-06-11,40.54999923706055
2009-06-12,40.5099983215332
2009-06-15,40.5099983215332
2009-06-16,40.5
2009-06-17,40.5
2009-06-18,40.5099983215332
2009-06-19,40.5099983215332
2009-06-22,40.5099983215332
2009-06-23,40.5099983215332
2009-06-24,40.560001373291016
2009-06-25,40.560001373291016
2009-06-26,40.54999923706055
2009-06-29,40.540000915527344
2009-06-30,40.470001220703125
2009-07-01,40.43000030517578
2009-07-02,40.4900016784668
2009-07-06,40.39400100708008
2009-07-07,40.41999816894531
2009-07-08,40.400001525878906
2009-07-09,40.405399322509766
2009-07-10,40.433998107910156
2009-07-13,40.38999938964844
2009-07-14,40.41450119018555
2009-07-15,40.41450119018555
2009-07-16,40.40010070800781
2009-07-17,40.400001525878906
2009-07-20,40.41999816894531
2009-07-21,40.38999938964844
2009-07-22,40.4724006652832
2009-07-23,40.400001525878906
2009-07-24,40.709999084472656
2009-07-27,40.77000045776367
2009-07-28,40.51900100708008
2009-07-29,40.43199920654297
2009-07-30,40.619998931884766
2009-07-31,40.47999954223633
2009-08-03,40.41999816894531
2009-08-04,40.40999984741211
2009-08-05,40.5099983215332
2009-08-06,40.577999114990234
2009-08-07,40.35499954223633
2009-08-10,40.349998474121094
2009-08-11,40.45000076293945
2009-08-12,40.31999969482422
2009-08-13,40.42900085449219
2009-08-14,40.402000427246094
2009-08-17,40.2599983215332
2009-08-18,40.349998474121094
2009-08-19,40.43000030517578
2009-08-20,40.45989990234375
2009-08-21,40.45989990234375
2009-08-24,40.350101470947266
2009-08-25,40.380001068115234
2009-08-26,40.5
2009-08-27,40.45000076293945
2009-08-28,40.44160079956055
2009-08-31,40.45000076293945
2009-09-01,40.290000915527344
2009-09-02,40.31999969482422
2009-09-03,40.439998626708984
2009-09-04,40.45000076293945
2009-09-08,40.40999984741211
2009-09-09,40.57350158691406
2009-09-10,40.34000015258789
2009-09-11,40.29999923706055
2009-09-14,40.27000045776367
2009-09-15,40.310001373291016
2009-09-16,40.34000015258789
2009-09-17,40.30799865722656
2009-09-18,40.290000915527344
2009-09-21,40.540000915527344
2009-09-22,40.31999969482422
2009-09-23,40.355201721191406
2009-09-24,40.387001037597656
2009-09-25,40.43899917602539
2009-09-28,40.43000030517578
2009-09-29,40.27000045776367
2009-09-30,40.41999816894531
2009-10-01,40.39400100708008
2009-10-02,40.400001525878906
2009-10-05,40.439998626708984
2009-10-06,40.324798583984375
2009-10-07,40.439998626708984
2009-10-08,40.459999084472656
2009-10-09,40.36159896850586
2009-10-12,40.45000076293945
2009-10-13,40.40999984741211
2009-10-14,40.36629867553711
2009-10-15,40.354000091552734
2009-10-16,40.39680099487305
2009-10-19,40.47999954223633
2009-10-20,40.47010040283203
2009-10-21,40.4010009765625
2009-10-22,40.43000030517578
2009-10-23,40.41999816894531
2009-10-26,40.36759948730469
2009-10-27,40.36000061035156
2009-10-28,40.349998474121094
2009-10-29,40.375999450683594
2009-10-30,40.374000549316406
2009-11-02,40.27000045776367
2009-11-03,40.400001525878906
2009-11-04,40.400001525878906
2009-11-05,40.40999984741211
2009-11-06,40.375999450683594
2009-11-09,40.350101470947266
2009-11-10,40.43000030517578
2009-11-11,41.18000030517578
2009-11-12,40.41999816894531
2009-11-13,40.470001220703125
2009-11-16,40.459999084472656
2009-11-17,40.439998626708984
2009-11-18,40.439998626708984
2009-11-19,40.404998779296875
2009-11-20,40.34000015258789
2009-11-23,40.400001525878906
2009-11-24,40.42340087890625
2009-11-25,40.43000030517578
2009-11-27,40.42499923706055
2009-11-30,40.3120002746582
2009-12-01,40.31999969482422
2009-12-02,40.25
2009-12-03,40.339900970458984
2009-12-04,40.2599983215332
2009-12-07,40.22999954223633
2009-12-08,40.24250030517578
2009-12-09,40.27989959716797
2009-12-10,40.279998779296875
2009-12-11,40.24980163574219
2009-12-14,40.190101623535156
2009-12-15,40.25
2009-12-16,40.244598388671875
2009-12-17,40.2599983215332
2009-12-18,40.19599914550781
2009-12-21,40.18000030517578
2009-12-22,40.198001861572266
2009-12-23,40.24919891357422
2009-12-24,40.25
2009-12-28,40.17599868774414
2009-12-29,40.13010025024414
2009-12-30,40.20399856567383
2009-12-31,40.22200012207031
2010-01-04,40.249900817871094
2010-01-05,40.16999816894531
2010-01-06,40.220001220703125
2010-01-07,40.24599838256836
2010-01-08,40.309898376464844
2010-01-11,40.30939865112305
2010-01-12,40.22999954223633
2010-01-13,40.29999923706055
2010-01-14,40.268001556396484
2010-01-15,40.33000183105469
2010-01-19,40.31999969482422
2010-01-20,40.29999923706055
2010-01-21,40.220001220703125
2010-01-22,40.210899353027344
2010-01-25,40.2400016784668
2010-01-26,40.29999923706055
2010-01-27,40.27000045776367
2010-01-28,40.29999923706055
2010-01-29,40.459999084472656
2010-02-01,40.4109992980957
2010-02-02,40.3406982421875
2010-02-03,40.29999923706055
2010-02-04,40.290000915527344
2010-02-05,40.27000045776367
2010-02-08,40.230098724365234
2010-02-09,40.29899978637695
2010-02-10,40.209999084472656
2010-02-11,40.15399932861328
2010-02-12,40.249900817871094
2010-02-16,40.290000915527344
2010-02-17,40.30500030517578
2010-02-18,40.29499816894531
2010-02-19,40.29999923706055
2010-02-22,40.31999969482422
2010-02-23,40.28300094604492
2010-02-24,40.29999923706055
2010-02-25,40.20000076293945
2010-02-26,40.268001556396484
2010-03-01,40.31439971923828
2010-03-02,40.290000915527344
2010-03-03,40.2239990234375
2010-03-04,40.229400634765625
2010-03-05,40.22999954223633
2010-03-08,40.2599983215332
2010-03-09,40.20500183105469
2010-03-10,40.224998474121094
2010-03-11,40.2400016784668
2010-03-12,40.339900970458984
2010-03-15,40.22600173950195
2010-03-16,40.220001220703125
2010-03-17,40.2599983215332
2010-03-18,40.21009826660156
2010-03-19,40.209999084472656
2010-03-22,42.189998626708984
2010-03-23,40.22999954223633
2010-03-24,40.2677001953125
2010-03-25,40.220001220703125
2010-03-26,40.33000183105469
2010-03-29,40.349998474121094
2010-03-30,40.290000915527344
2010-03-31,40.316001892089844
2010-04-01,40.41400146484375
2010-04-05,40.779998779296875
2010-04-06,40.650001525878906
2010-04-07,40.619998931884766
2010-04-08,40.81999969482422
2010-04-09,40.70500183105469
2010-04-12,40.5
2010-04-13,40.439998626708984
2010-04-14,40.290000915527344
2010-04-15,40.40999984741211
2010-04-16,40.41899871826172
2010-04-19,40.309898376464844
2010-04-20,40.34000015258789
2010-04-21,40.27000045776367
2010-04-22,40.369998931884766
2010-04-23,40.33000183105469
2010-04-26,40.2599983215332
2010-04-27,40.20000076293945
2010-04-28,40.209999084472656
2010-04-29,40.25
2010-04-30,40.2400016784668
2010-05-03,40.13999938964844
2010-05-04,40.15999984741211
2010-05-05,40.06800079345703
2010-05-06,39.900001525878906
2010-05-07,39.8849983215332
2010-05-10,39.869998931884766
2010-05-11,39.95199966430664
2010-05-12,39.880001068115234
2010-05-13,39.970001220703125
2010-05-14,39.93000030517578
2010-05-17,39.81999969482422
2010-05-18,39.845001220703125
2010-05-19,39.75
2010-05-20,39.77000045776367
2010-05-21,39.790000915527344
2010-05-24,39.79999923706055
2010-05-25,39.570098876953125
2010-05-26,39.63999938964844
2010-05-27,39.70399856567383
2010-05-28,39.70000076293945
2010-06-01,39.650001525878906
2010-06-02,39.73400115966797
2010-06-03,39.599998474121094
2010-06-04,39.70000076293945
2010-06-07,39.557498931884766
2010-06-08,39.70000076293945
2010-06-09,39.52000045776367
2010-06-10,39.7400016784668
2010-06-11,39.619998931884766
2010-06-14,39.73899841308594
2010-06-15,39.599998474121094
2010-06-16,39.77000045776367
2010-06-17,39.58000183105469
2010-06-18,39.689998626708984
2010-06-21,40.119998931884766
2010-06-22,39.900001525878906
2010-06-23,39.70000076293945
2010-06-24,39.970001220703125
2010-06-25,39.97999954223633
2010-06-28,39.95000076293945
2010-06-29,39.95000076293945
2010-06-30,39.939998626708984
2010-07-01,39.95000076293945
2010-07-02,39.95009994506836
2010-07-06,40.0
2010-07-07,40.04999923706055
2010-07-08,40.119998931884766
2010-07-09,40.03300094604492
2010-07-12,40.150001525878906
2010-07-13,40.150001525878906
2010-07-14,40.108699798583984
2010-07-15,40.095001220703125
2010-07-16,40.0
2010-07-19,39.92499923706055
2010-07-20,39.90010070800781
2010-07-21,39.920101165771484
2010-07-22,40.029998779296875
2010-07-23,40.029998779296875
2010-07-26,39.970001220703125
2010-07-27,40.08000183105469
2010-07-28,39.98400115966797
2010-07-29,39.970001220703125
2010-07-30,39.869998931884766
2010-08-02,39.91999816894531
2010-08-03,40.03850173950195
2010-08-04,39.90999984741211
2010-08-05,40.11000061035156
2010-08-06,39.97999954223633
2010-08-09,40.0
2010-08-10,39.93009948730469
2010-08-11,39.95000076293945
2010-08-12,39.88999938964844
2010-08-13,39.79999923706055
2010-08-16,39.689998626708984
2010-08-17,39.89500045776367
2010-08-18,39.849998474121094
2010-08-19,39.82149887084961
2010-08-20,39.81800079345703
2010-08-23,39.79010009765625
2010-08-24,39.790000915527344
2010-08-25,39.79999923706055
2010-08-26,39.75
2010-08-27,39.77000045776367
2010-08-30,39.790000915527344
2010-08-31,39.660099029541016
2010-09-01,39.689998626708984
2010-09-02,39.75
2010-09-03,39.779998779296875
2010-09-07,39.81999969482422
2010-09-08,39.81999969482422
2010-09-09,39.869998931884766
2010-09-10,40.09000015258789
2010-09-13,40.13999938964844
2010-09-14,40.209999084472656
2010-09-15,40.13999938964844
2010-09-16,40.27000045776367
2010-09-17,40.3650016784668
2010-09-20,40.349998474121094
2010-09-21,40.38999938964844
2010-09-22,40.4900016784668
2010-09-23,40.404998779296875
2010-09-24,40.45000076293945
2010-09-27,40.45000076293945
2010-09-28,40.380001068115234
2010-09-29,40.40999984741211
2010-09-30,40.505001068115234
2010-10-01,40.4900016784668
2010-10-04,40.380001068115234
2010-10-05,40.380001068115234
2010-10-06,40.7400016784668
2010-10-07,40.494998931884766
2010-10-08,40.59000015258789
2010-10-11,40.68000030517578
2010-10-12,40.47999954223633
2010-10-13,40.619998931884766
2010-10-14,40.7599983215332
2010-10-15,40.720001220703125
2010-10-18,40.7400016784668
2010-10-19,40.56990051269531
2010-10-20,40.599998474121094
2010-10-21,40.58000183105469
2010-10-22,40.41999816894531
2010-10-25,40.380001068115234
2010-10-26,40.25
2010-10-27,40.04999923706055
2010-10-28,40.25
2010-10-29,40.31999969482422
2010-11-01,40.36800003051758
2010-11-02,40.422000885009766
2010-11-03,40.4900016784668
2010-11-04,40.5
2010-11-05,40.400001525878906
2010-11-08,40.25
2010-11-09,40.349998474121094
2010-11-10,40.43000030517578
2010-11-11,40.43899917602539
2010-11-12,40.36199951171875
2010-11-15,40.27000045776367
2010-11-16,40.220001220703125
2010-11-17,40.269901275634766
2010-11-18,40.29999923706055
2010-11-19,40.21500015258789
2010-11-22,40.18000030517578
2010-11-23,40.0
2010-11-24,40.14899826049805
2010-11-26,40.099998474121094
2010-11-29,40.04499816894531
2010-11-30,40.0
2010-12-01,40.060001373291016
2010-12-02,40.150001525878906
2010-12-03,40.14500045776367
2010-12-06,40.099998474121094
2010-12-07,40.119998931884766
2010-12-08,40.20000076293945
2010-12-09,40.22999954223633
2010-12-10,40.06999969482422
2010-12-13,40.06999969482422
2010-12-14,40.18000030517578
2010-12-15,40.06800079345703
2010-12-16,40.0
2010-12-17,40.025001525878906
2010-12-20,40.04999923706055
2010-12-21,40.279998779296875
2010-12-22,40.290000915527344
2010-12-23,40.22999954223633
2010-12-27,40.31999969482422
2010-12-28,40.47999954223633
2010-12-29,40.349998474121094
2010-12-30,40.400001525878906
2010-12-31,40.56999969482422
2011-01-03,40.64500045776367
2011-01-04,40.56999969482422
2011-01-05,40.470001220703125
2011-01-06,40.439998626708984
2011-01-07,40.36000061035156
2011-01-10,40.369998931884766
2011-01-11,40.52000045776367
2011-01-12,40.56999969482422
2011-01-13,40.560001373291016
2011-01-14,40.439998626708984
2011-01-18,40.45500183105469
2011-01-19,40.29999923706055
2011-01-20,40.279998779296875
2011-01-21,40.31999969482422
2011-01-24,40.369998931884766
2011-01-25,40.34000015258789
2011-01-26,40.38999938964844
2011-01-27,40.36000061035156
2011-01-28,40.2598991394043
2011-01-31,40.209999084472656
2011-02-01,40.34000015258789
2011-02-02,40.279998779296875
2011-02-03,40.33000183105469
2011-02-04,40.21799850463867
2011-02-07,40.209999084472656
2011-02-08,40.290000915527344
2011-02-09,40.32699966430664
2011-02-10,40.25
2011-02-11,40.1609992980957
2011-02-14,40.15999984741211
2011-02-15,40.22999954223633
2011-02-16,40.287899017333984
2011-02-17,40.380001068115234
2011-02-18,40.30099868774414
2011-02-22,40.28099822998047
2011-02-23,40.27000045776367
2011-02-24,40.22100067138672
2011-02-25,40.31999969482422
2011-02-28,40.38999938964844
2011-03-01,40.37699890136719
2011-03-02,40.30839920043945
2011-03-03,40.33000183105469
2011-03-04,40.380001068115234
2011-03-07,40.38999938964844
2011-03-08,40.279998779296875
2011-03-09,40.29999923706055
2011-03-10,40.230098724365234
2011-03-11,40.254398345947266
2011-03-14,40.27000045776367
2011-03-15,40.150001525878906
2011-03-16,40.18000030517578
2011-03-17,40.189998626708984
2011-03-18,40.290000915527344
2011-03-21,40.310001373291016
2011-03-22,40.290000915527344
2011-03-23,40.260101318359375
2011-03-24,40.2400016784668
2011-03-25,40.29999923706055
2011-03-28,40.170101165771484
2011-03-29,40.24599838256836
2011-03-30,40.209999084472656
2011-03-31,40.209999084472656
2011-04-01,40.29999923706055
2011-04-04,40.25
2011-04-05,40.279998779296875
2011-04-06,40.31999969482422
2011-04-07,40.230098724365234
2011-04-08,40.380001068115234
2011-04-11,40.29999923706055
2011-04-12,40.130001068115234
2011-04-13,40.290000915527344
2011-04-14,40.29280090332031
2011-04-15,40.279998779296875
2011-04-18,40.27989959716797
2011-04-19,40.38999938964844
2011-04-20,40.479000091552734
2011-04-21,40.650001525878906
2011-04-25,40.58000183105469
2011-04-26,40.4900016784668
2011-04-27,40.5
2011-04-28,40.5
2011-04-29,40.66899871826172
2011-05-02,40.63999938964844
2011-05-03,40.43000030517578
2011-05-04,40.4900016784668
2011-05-05,40.38999938964844
2011-05-06,40.369998931884766
2011-05-09,40.41999816894531
2011-05-10,40.380001068115234
2011-05-11,40.310001373291016
2011-05-12,40.25
2011-05-13,40.22999954223633
2011-05-16,40.130001068115234
2011-05-17,40.20000076293945
2011-05-18,40.25
2011-05-19,40.262001037597656
2011-05-20,40.400001525878906
2011-05-23,40.11000061035156
2011-05-24,40.15999984741211
2011-05-25,40.119998931884766
2011-05-26,40.25080108642578
2011-05-27,40.25
2011-05-31,40.279998779296875
2011-06-01,40.279998779296875
2011-06-02,40.28099822998047
2011-06-03,40.279998779296875
2011-06-06,40.25
2011-06-07,40.25
2011-06-08,40.25
2011-06-09,40.29999923706055
2011-06-10,40.24399948120117
2011-06-13,40.16999816894531
2011-06-14,40.2599983215332
2011-06-15,40.237998962402344
2011-06-16,40.189998626708984
2011-06-17,40.36000061035156
2011-06-20,40.27000045776367
2011-06-21,40.3380012512207
2011-06-22,40.34000015258789
2011-06-23,40.29119873046875
2011-06-24,40.290000915527344
2011-06-27,40.196998596191406
2011-06-28,40.250099182128906
2011-06-29,40.31010055541992
2011-06-30,40.27000045776367
2011-07-01,40.27000045776367
2011-07-05,40.27299880981445
2011-07-06,40.25
2011-07-07,40.2400016784668
2011-07-08,40.25
2011-07-11,40.189998626708984
2011-07-12,40.119998931884766
2011-07-13,40.200401306152344
2011-07-14,40.22999954223633
2011-07-15,40.16999816894531
2011-07-18,40.15999984741211
2011-07-19,40.190101623535156
2011-07-20,40.27009963989258
2011-07-21,40.3307991027832
2011-07-22,40.33000183105469
2011-07-25,40.33720016479492
2011-07-26,40.369998931884766
2011-07-27,40.3400993347168
2011-07-28,40.33000183105469
2011-07-29,40.36000061035156
2011-08-01,40.410099029541016
2011-08-02,40.400001525878906
2011-08-03,40.349998474121094
2011-08-04,40.37799835205078
2011-08-05,40.302398681640625
2011-08-08,40.470001220703125
2011-08-09,40.36000061035156
2011-08-10,40.529998779296875
2011-08-11,40.76599884033203
2011-08-12,40.738800048828125
2011-08-15,40.720001220703125
2011-08-16,40.7599983215332
2011-08-17,40.72100067138672
2011-08-18,40.689998626708984
2011-08-19,40.61000061035156
2011-08-22,40.72719955444336
2011-08-23,40.66999816894531
2011-08-24,40.68000030517578
2011-08-25,40.66339874267578
2011-08-26,40.71009826660156
2011-08-29,40.790000915527344
2011-08-30,40.77000045776367
2011-08-31,40.779998779296875
2011-09-01,40.72800064086914
2011-09-02,40.70009994506836
2011-09-06,40.63999938964844
2011-09-07,40.650001525878906
2011-09-08,40.70399856567383
2011-09-09,40.66999816894531
2011-09-12,40.70000076293945
2011-09-13,40.4901008605957
2011-09-14,40.49100112915039
2011-09-15,40.630001068115234
2011-09-16,40.66999816894531
2011-09-19,40.56999969482422
2011-09-20,40.599998474121094
2011-09-21,40.63999938964844
2011-09-22,40.375
2011-09-23,40.5
2011-09-26,40.599998474121094
2011-09-27,40.65999984741211
2011-09-28,40.68000030517578
2011-09-29,40.356998443603516
2011-09-30,40.58000183105469
2011-10-03,40.59000015258789
2011-10-04,40.529998779296875
2011-10-05,40.58000183105469
2011-10-06,40.59000015258789
2011-10-07,40.55009841918945
2011-10-10,40.790000915527344
2011-10-11,40.61000061035156
2011-10-12,40.70000076293945
2011-10-13,40.56039810180664
2011-10-14,40.459999084472656
2011-10-17,40.65999984741211
2011-10-18,40.459999084472656
2011-10-19,40.529998779296875
2011-10-20,40.527000427246094
2011-10-21,40.529998779296875
2011-10-24,40.470001220703125
2011-10-25,40.650001525878906
2011-10-26,40.650001525878906
2011-10-27,40.66999816894531
2011-10-28,40.82600021362305
2011-10-31,40.67649841308594
2011-11-01,40.7056999206543
2011-11-02,40.790000915527344
2011-11-03,40.730098724365234
2011-11-04,40.83000183105469
2011-11-07,40.81999969482422
2011-11-08,40.95000076293945
2011-11-09,41.040000915527344
2011-11-10,40.88999938964844
2011-11-11,40.89099884033203
2011-11-14,40.880001068115234
2011-11-15,40.75
2011-11-16,40.75
2011-11-17,40.819000244140625
2011-11-18,40.75
2011-11-21,40.7239990234375
2011-11-22,40.66559982299805
2011-11-23,40.7599983215332
2011-11-25,40.645999908447266
2011-11-28,40.56100082397461
2011-11-29,40.679901123046875
2011-11-30,40.61000061035156
2011-12-01,40.7599983215332
2011-12-02,40.810001373291016
2011-12-05,40.79999923706055
2011-12-06,40.65999984741211
2011-12-07,40.75
2011-12-08,40.667999267578125
2011-12-09,40.650001525878906
2011-12-12,40.650001525878906
2011-12-13,40.5
2011-12-14,40.507999420166016
2011-12-15,40.650001525878906
2011-12-16,40.52199935913086
2011-12-19,40.56999969482422
2011-12-20,40.790000915527344
2011-12-21,40.900001525878906
2011-12-22,40.64099884033203
2011-12-23,40.86800003051758
2011-12-27,40.90999984741211
2011-12-28,40.887001037597656
2011-12-29,40.939998626708984
2011-12-30,40.95000076293945
2012-01-03,41.05009841918945
2012-01-04,41.040000915527344
2012-01-05,41.0099983215332
2012-01-06,41.0099983215332
2012-01-09,41.150001525878906
2012-01-10,40.91699981689453
2012-01-11,40.93000030517578
2012-01-12,40.91999816894531
2012-01-13,40.84000015258789
2012-01-17,41.0
2012-01-18,41.029998779296875
2012-01-19,41.16999816894531
2012-01-20,41.124000549316406
2012-01-23,41.127201080322266
2012-01-24,41.18600082397461
2012-01-25,41.11000061035156
2012-01-26,41.047000885009766
2012-01-27,41.07419967651367
2012-01-30,41.13999938964844
2012-01-31,41.15999984741211
2012-02-01,41.189998626708984
2012-02-02,41.06100082397461
2012-02-03,41.209999084472656
2012-02-06,41.20000076293945
2012-02-07,41.06999969482422
2012-02-08,41.34000015258789
2012-02-09,41.20000076293945
2012-02-10,41.10100173950195
2012-02-13,41.15010070800781
2012-02-14,41.099998474121094
2012-02-15,41.25
2012-02-16,41.060001373291016
2012-02-17,41.060001373291016
2012-02-21,41.2400016784668
2012-02-22,41.220001220703125
2012-02-23,41.10419845581055
2012-02-24,41.13999938964844
2012-02-27,41.11000061035156
2012-02-28,41.06399917602539
2012-02-29,41.16709899902344
2012-03-01,41.14059829711914
2012-03-02,41.11429977416992
2012-03-05,41.02000045776367
2012-03-06,40.900001525878906
2012-03-07,40.94860076904297
2012-03-08,40.96500015258789
2012-03-09,41.0099983215332
2012-03-12,40.83000183105469
2012-03-13,40.755001068115234
2012-03-14,40.70000076293945
2012-03-15,40.899200439453125
2012-03-16,40.86000061035156
2012-03-19,40.88999938964844
2012-03-20,40.810001373291016
2012-03-21,40.81800079345703
2012-03-22,40.88999938964844
2012-03-23,40.93000030517578
2012-03-26,41.0
2012-03-27,40.97140121459961
2012-03-28,40.95669937133789
2012-03-29,40.97909927368164
2012-03-30,40.99800109863281
2012-04-02,41.09000015258789
2012-04-03,41.06990051269531
2012-04-04,40.849998474121094
2012-04-05,40.900001525878906
2012-04-09,41.11199951171875
2012-04-10,40.97999954223633
2012-04-11,40.95000076293945
2012-04-12,41.0
2012-04-13,41.060001373291016
2012-04-16,41.03200149536133
2012-04-17,41.0
2012-04-18,41.0
2012-04-19,40.97999954223633
2012-04-20,41.071998596191406
2012-04-23,41.14849853515625
2012-04-24,41.12799835205078
2012-04-25,41.18000030517578
2012-04-26,41.02000045776367
2012-04-27,41.05009841918945
2012-04-30,41.22999954223633
2012-05-01,41.12089920043945
2012-05-02,41.119998931884766
2012-05-03,41.0
2012-05-04,40.900001525878906
2012-05-07,40.91999816894531
2012-05-08,40.95000076293945
2012-05-09,40.84000015258789
2012-05-10,40.95000076293945
2012-05-11,40.992000579833984
2012-05-14,40.88999938964844
2012-05-15,40.81010055541992
2012-05-16,40.81999969482422
2012-05-17,40.79710006713867
2012-05-18,40.790000915527344
2012-05-21,40.849998474121094
2012-05-22,40.88999938964844
2012-05-23,40.810001373291016
2012-05-24,40.849998474121094
2012-05-25,40.929901123046875
2012-05-29,40.84000015258789
2012-05-30,40.7400016784668
2012-05-31,40.560001373291016
2012-06-01,40.59989929199219
2012-06-04,40.666500091552734
2012-06-05,40.75
2012-06-06,40.72999954223633
2012-06-07,40.61000061035156
2012-06-08,40.75
2012-06-11,40.75
2012-06-12,40.630001068115234
2012-06-13,40.630001068115234
2012-06-14,40.619998931884766
2012-06-15,40.9900016784668
2012-06-18,41.07899856567383
2012-06-19,41.060001373291016
2012-06-20,40.87160110473633
2012-06-21,40.87699890136719
2012-06-22,40.88529968261719
2012-06-25,40.72999954223633
2012-06-26,40.82099914550781
2012-06-27,40.81999969482422
2012-06-28,40.91400146484375
2012-06-29,40.86970138549805
2012-07-02,40.83000183105469
2012-07-03,40.77560043334961
2012-07-05,40.810001373291016
2012-07-06,40.790000915527344
2012-07-09,40.7400016784668
2012-07-10,40.83000183105469
2012-07-11,40.93000030517578
2012-07-12,40.930999755859375
2012-07-13,40.869998931884766
2012-07-16,40.90999984741211
2012-07-17,40.95000076293945
2012-07-18,41.09000015258789
2012-07-19,41.0
2012-07-20,41.16999816894531
2012-07-23,41.29499816894531
2012-07-24,41.27000045776367
2012-07-25,41.13999938964844
2012-07-26,41.02000045776367
2012-07-27,40.880001068115234
2012-07-30,40.91999816894531
2012-07-31,40.97999954223633
2012-08-01,40.939998626708984
2012-08-02,40.45000076293945
2012-08-03,40.81999969482422
2012-08-06,40.63330078125
2012-08-07,40.83000183105469
2012-08-08,40.88999938964844
2012-08-09,40.83000183105469
2012-08-10,40.70009994506836
2012-08-13,40.81999969482422
2012-08-14,40.941001892089844
2012-08-15,40.88130187988281
2012-08-16,40.87799835205078
2012-08-17,40.93009948730469
2012-08-20,40.92250061035156
2012-08-21,40.88600158691406
2012-08-22,40.95000076293945
2012-08-23,41.04999923706055
2012-08-24,41.022300720214844
2012-08-27,40.93000030517578
2012-08-28,40.849998474121094
2012-08-29,40.86000061035156
2012-08-30,40.849998474121094
2012-08-31,40.880001068115234
2012-09-04,40.93000030517578
2012-09-05,40.900001525878906
2012-09-06,40.95199966430664
2012-09-07,41.02000045776367
2012-09-10,40.95000076293945
2012-09-11,40.910099029541016
2012-09-12,41.0
2012-09-13,41.049198150634766
2012-09-14,41.06999969482422
2012-09-17,41.04999923706055
2012-09-18,41.029998779296875
2012-09-19,41.029998779296875
2012-09-20,41.12990188598633
2012-09-21,41.11009979248047
2012-09-24,41.11000061035156
2012-09-25,41.150001525878906
2012-09-26,41.130001068115234
2012-09-27,41.16999816894531
2012-09-28,41.27000045776367
2012-10-01,41.27000045776367
2012-10-02,41.31999969482422
2012-10-03,41.33000183105469
2012-10-04,41.349998474121094
2012-10-05,41.400001525878906
2012-10-08,41.220001220703125
2012-10-09,41.31660079956055
2012-10-10,41.2400016784668
2012-10-11,41.359901428222656
2012-10-12,41.27000045776367
2012-10-15,41.29999923706055
2012-10-16,41.150001525878906
2012-10-17,41.02009963989258
2012-10-18,41.22999954223633
2012-10-19,41.13999938964844
2012-10-22,41.150001525878906
2012-10-23,41.20399856567383
2012-10-24,41.25
2012-10-25,41.25
2012-10-26,41.349998474121094
2012-10-31,41.349998474121094
2012-11-01,41.334999084472656
2012-11-02,41.34000015258789
2012-11-05,41.380001068115234
2012-11-06,41.290000915527344
2012-11-07,41.36000061035156
2012-11-08,41.33000183105469
2012-11-09,41.429901123046875
2012-11-12,41.58000183105469
2012-11-13,41.473201751708984
2012-11-14,41.5171012878418
2012-11-15,41.41999816894531
2012-11-16,41.34000015258789
2012-11-19,41.349998474121094
2012-11-20,41.40010070800781
2012-11-21,41.45000076293945
2012-11-23,41.27000045776367
2012-11-26,41.5
2012-11-27,41.599998474121094
2012-11-28,41.5
2012-11-29,41.400001525878906
2012-11-30,41.61790084838867
2012-12-03,41.53409957885742
2012-12-04,41.52439880371094
2012-12-05,41.53099822998047
2012-12-06,41.5099983215332
2012-12-07,41.5
2012-12-10,41.599998474121094
2012-12-11,41.56999969482422
2012-12-12,41.599998474121094
2012-12-13,41.650001525878906
2012-12-14,41.70989990234375
2012-12-17,41.650001525878906
2012-12-18,41.70000076293945
2012-12-19,41.79999923706055
2012-12-20,41.72010040283203
2012-12-21,41.90999984741211
2012-12-24,42.34989929199219
2012-12-26,42.540000915527344
2012-12-27,41.90010070800781
2012-12-28,41.81999969482422
2012-12-31,41.619998931884766
2013-01-02,41.41999816894531
2013-01-03,41.5900993347168
2013-01-04,41.560001373291016
2013-01-07,41.630001068115234
2013-01-08,41.619998931884766
2013-01-09,41.7599983215332
2013-01-10,41.53010177612305
2013-01-11,41.59260177612305
2013-01-14,41.660301208496094
2013-01-15,41.63800048828125
2013-01-16,41.53990173339844
2013-01-17,41.4900016784668
2013-01-18,41.52000045776367
2013-01-22,41.54010009765625
2013-01-23,41.54999923706055
2013-01-24,41.5
2013-01-25,41.34000015258789
2013-01-28,41.29999923706055
2013-01-29,41.34199905395508
2013-01-30,41.316898345947266
2013-01-31,41.36989974975586
2013-02-01,41.31990051269531
2013-02-04,41.24679946899414
2013-02-05,41.29999923706055
2013-02-06,41.22200012207031
2013-02-07,41.34000015258789
2013-02-08,41.390201568603516
2013-02-11,41.400001525878906
2013-02-12,41.31010055541992
2013-02-13,41.41999816894531
2013-02-14,41.369998931884766
2013-02-15,41.38010025024414
2013-02-19,41.33000183105469
2013-02-20,41.40719985961914
2013-02-21,41.32600021362305
2013-02-22,41.33000183105469
2013-02-25,41.34000015258789
2013-02-26,41.43000030517578
2013-02-27,41.45000076293945
2013-02-28,41.43000030517578
2013-03-01,41.529998779296875
2013-03-04,41.470001220703125
2013-03-05,41.470001220703125
2013-03-06,41.58000183105469
2013-03-07,41.588401794433594
2013-03-08,41.58000183105469
2013-03-11,41.520999908447266
2013-03-12,41.53390121459961
2013-03-13,41.54100036621094
2013-03-14,41.570098876953125
2013-03-15,41.599998474121094
2013-03-18,41.54999923706055
2013-03-19,41.600101470947266
2013-03-20,41.62229919433594
2013-03-21,41.66999816894531
2013-03-22,41.733001708984375
2013-03-25,41.709999084472656
2013-03-26,41.787498474121094
2013-03-27,41.709999084472656
2013-03-28,41.7400016784668
2013-04-01,41.720001220703125
2013-04-02,41.75
2013-04-03,41.650001525878906
2013-04-04,41.890098571777344
2013-04-05,41.83100128173828
2013-04-08,41.7400016784668
2013-04-09,41.81999969482422
2013-04-10,41.83000183105469
2013-04-11,41.5900993347168
2013-04-12,41.5099983215332
2013-04-15,41.400001525878906
2013-04-16,41.502201080322266
2013-04-17,41.500999450683594
2013-04-18,41.43000030517578
2013-04-19,41.52000045776367
2013-04-22,41.70899963378906
2013-04-23,41.7400016784668
2013-04-24,41.689998626708984
2013-04-25,41.59000015258789
2013-04-26,41.66999816894531
2013-04-29,41.66999816894531
2013-04-30,41.720001220703125
2013-05-01,41.73099899291992
2013-05-02,41.73099899291992
2013-05-03,41.7599983215332
2013-05-06,41.70199966430664
2013-05-07,41.79999923706055
2013-05-08,41.94329833984375
2013-05-09,41.9900016784668
2013-05-10,41.79999923706055
2013-05-13,41.83000183105469
2013-05-14,41.939998626708984
2013-05-15,41.79999923706055
2013-05-16,41.81999969482422
2013-05-17,41.88999938964844
2013-05-20,42.00579833984375
2013-05-21,41.9900016784668
2013-05-22,42.06999969482422
2013-05-23,41.939998626708984
2013-05-24,42.09000015258789
2013-05-28,42.03010177612305
2013-05-29,41.944000244140625
2013-05-30,41.930999755859375
2013-05-31,41.9900016784668
2013-06-03,42.0
2013-06-04,41.959999084472656
2013-06-05,42.014198303222656
2013-06-06,42.04999923706055
2013-06-07,42.01959991455078
2013-06-10,42.119998931884766
2013-06-11,41.99599838256836
2013-06-12,42.08599853515625
2013-06-13,42.01100158691406
2013-06-14,42.02000045776367
2013-06-17,42.130001068115234
2013-06-18,41.91999816894531
2013-06-19,42.04999923706055
2013-06-20,41.869998931884766
2013-06-21,41.900001525878906
2013-06-24,42.08549880981445
2013-06-25,42.040000915527344
2013-06-26,41.900001525878906
2013-06-27,42.02000045776367
2013-06-28,42.13999938964844
2013-07-01,41.70009994506836
2013-07-02,41.95000076293945
2013-07-03,41.90999984741211
2013-07-05,41.68000030517578
2013-07-08,41.832000732421875
2013-07-09,41.880001068115234
2013-07-10,42.06999969482422
2013-07-11,41.91999816894531
2013-07-12,41.7400016784668
2013-07-15,41.810001373291016
2013-07-16,41.81999969482422
2013-07-17,41.93000030517578
2013-07-18,41.81999969482422
2013-07-19,41.71099853515625
2013-07-22,42.194000244140625
2013-07-23,42.029998779296875
2013-07-24,42.040000915527344
2013-07-25,41.9900016784668
2013-07-26,42.060001373291016
2013-07-29,42.0
2013-07-30,41.75
2013-07-31,42.11989974975586
2013-08-01,41.849998474121094
2013-08-02,42.0
2013-08-05,42.04999923706055
2013-08-06,41.86000061035156
2013-08-07,41.849998474121094
2013-08-08,42.099998474121094
2013-08-09,42.18000030517578
2013-08-12,41.95000076293945
2013-08-13,41.95100021362305
2013-08-14,42.29999923706055
2013-08-15,41.97999954223633
2013-08-16,42.536800384521484
2013-08-19,42.5796012878418
2013-08-20,42.340999603271484
2013-08-21,42.25
2013-08-22,42.33000183105469
2013-08-23,42.27000045776367
2013-08-26,42.47999954223633
2013-08-27,42.49549865722656
2013-08-28,42.44599914550781
2013-08-29,42.454200744628906
2013-08-30,42.37269973754883
2013-09-03,42.470001220703125
2013-09-04,42.47600173950195
2013-09-05,42.5364990234375
2013-09-06,42.86000061035156
2013-09-09,42.720001220703125
2013-09-10,42.5099983215332
2013-09-11,42.790000915527344
2013-09-12,42.51100158691406
2013-09-13,42.93000030517578
2013-09-16,42.619998931884766
2013-09-17,43.150001525878906
2013-09-18,43.02000045776367
2013-09-19,42.630001068115234
2013-09-20,42.74800109863281
2013-09-23,42.88999938964844
2013-09-24,42.83000183105469
2013-09-25,42.842201232910156
2013-09-26,42.842201232910156
2013-09-27,42.79800033569336
2013-09-30,42.58000183105469
2013-10-01,42.630001068115234
2013-10-02,42.7599983215332
2013-10-03,42.89899826049805
2013-10-04,42.784000396728516
2013-10-07,42.784000396728516
2013-10-08,42.67599868774414
2013-10-09,42.70000076293945
2013-10-10,42.70000076293945
2013-10-11,42.720001220703125
2013-10-14,42.665000915527344
2013-10-15,42.68000030517578
2013-10-16,42.7400016784668
2013-10-17,42.67509841918945
2013-10-18,42.65010070800781
2013-10-21,42.73249816894531
2013-10-22,42.6609992980957
2013-10-23,42.869998931884766
2013-10-24,42.75
2013-10-25,42.730098724365234
2013-10-28,42.875
2013-10-29,42.814998626708984
2013-10-30,42.768001556396484
2013-10-31,42.810001373291016
2013-11-01,42.70000076293945
2013-11-04,42.40999984741211
2013-11-05,42.45000076293945
2013-11-06,42.220001220703125
2013-11-07,42.349998474121094
2013-11-08,42.459999084472656
2013-11-11,42.439998626708984
2013-11-12,42.5
2013-11-13,42.37009811401367
2013-11-14,42.41999816894531
2013-11-15,42.390098571777344
2013-11-18,42.38999938964844
2013-11-19,42.53499984741211
2013-11-20,42.61989974975586
2013-11-21,42.38999938964844
2013-11-22,42.5989990234375
2013-11-25,42.5359992980957
2013-11-26,42.54999923706055
2013-11-27,42.45000076293945
2013-11-29,42.56999969482422
2013-12-02,42.400001525878906
2013-12-03,42.439998626708984
2013-12-04,42.5099983215332
2013-12-05,42.5629997253418
2013-12-06,42.470001220703125
2013-12-09,42.650001525878906
2013-12-10,42.56999969482422
2013-12-11,42.52000045776367
2013-12-12,42.5099983215332
2013-12-13,42.70119857788086
2013-12-16,42.7599983215332
2013-12-17,42.70000076293945
2013-12-18,42.65999984741211
2013-12-19,42.66999816894531
2013-12-20,42.75
2013-12-23,42.899898529052734
2013-12-24,42.70000076293945
2013-12-26,42.83399963378906
2013-12-27,42.90999984741211
2013-12-30,43.04999923706055
2013-12-31,43.04999923706055
2014-01-02,43.45800018310547
2014-01-03,43.000999450683594
2014-01-06,43.290000915527344
2014-01-07,43.618099212646484
2014-01-08,42.79999923706055
2014-01-09,42.810001373291016
2014-01-10,42.86000061035156
2014-01-13,43.09000015258789
2014-01-14,42.804901123046875
2014-01-15,42.804901123046875
2014-01-16,42.65010070800781
2014-01-17,42.65010070800781
2014-01-21,42.790000915527344
2014-01-22,42.649200439453125
2014-01-23,42.749900817871094
2014-01-24,42.54999923706055
2014-01-27,42.7400016784668
2014-01-28,42.45000076293945
2014-01-29,42.5
2014-01-30,42.369998931884766
2014-01-31,42.400001525878906
2014-02-03,42.47999954223633
2014-02-04,42.47999954223633
2014-02-05,42.2859992980957
2014-02-06,42.599998474121094
2014-02-07,42.599998474121094
2014-02-10,42.40010070800781
2014-02-11,42.66999816894531
2014-02-12,42.66899871826172
2014-02-13,42.530399322509766
2014-02-14,42.350799560546875
2014-02-18,42.34000015258789
2014-02-19,42.400001525878906
2014-02-20,42.630001068115234
2014-02-21,42.68579864501953
2014-02-24,42.5
2014-02-25,42.5
2014-02-26,42.28990173339844
2014-02-27,42.29999923706055
2014-02-28,42.2400016784668
2014-03-03,42.20000076293945
2014-03-04,42.13999938964844
2014-03-05,42.08000183105469
2014-03-06,42.36009979248047
2014-03-07,42.2067985534668
2014-03-10,42.349998474121094
2014-03-11,42.349998474121094
2014-03-12,42.037601470947266
2014-03-13,42.33000183105469
2014-03-14,42.20000076293945
2014-03-17,41.95000076293945
2014-03-18,41.95000076293945
2014-03-19,41.650001525878906
2014-03-20,41.45000076293945
2014-03-21,41.599998474121094
2014-03-24,41.741798400878906
2014-03-25,41.77000045776367
2014-03-26,41.70000076293945
2014-03-27,41.380001068115234
2014-03-28,41.70000076293945
2014-03-31,41.38999938964844
2014-04-01,41.900001525878906
2014-04-02,41.869998931884766
2014-04-03,41.900001525878906
2014-04-04,41.70000076293945
2014-04-07,41.48099899291992
2014-04-08,41.70289993286133
2014-04-09,41.71009826660156
2014-04-10,41.70899963378906
2014-04-11,42.149898529052734
2014-04-14,41.891998291015625
2014-04-15,42.15800094604492
2014-04-16,41.694801330566406
2014-04-17,42.237998962402344
2014-04-21,42.29999923706055
2014-04-22,42.1505012512207
2014-04-23,42.150001525878906
2014-04-24,42.15999984741211
2014-04-25,42.16999816894531
2014-04-28,42.27000045776367
2014-04-29,42.209999084472656
2014-04-30,41.91600036621094
2014-05-01,42.20000076293945
2014-05-02,42.18000030517578
2014-05-05,41.939998626708984
2014-05-06,42.25
2014-05-07,42.0
2014-05-08,42.099998474121094
2014-05-09,42.15999984741211
2014-05-12,41.93009948730469
2014-05-13,41.935001373291016
2014-05-14,41.949501037597656
2014-05-15,41.880001068115234
2014-05-16,42.119998931884766
2014-05-19,41.779998779296875
2014-05-20,41.93000030517578
2014-05-21,42.060001373291016
2014-05-22,41.87799835205078
2014-05-23,41.790000915527344
2014-05-27,41.95000076293945
2014-05-28,41.970001220703125
2014-05-29,42.058998107910156
2014-05-30,41.770999908447266
2014-06-02,41.86000061035156
2014-06-03,41.76319885253906
2014-06-04,41.7400016784668
2014-06-05,41.75
2014-06-06,41.832000732421875
2014-06-09,41.95000076293945
2014-06-10,42.06999969482422
2014-06-11,42.06999969482422
2014-06-12,42.09000015258789
2014-06-13,42.03200149536133
2014-06-16,42.15999984741211
2014-06-17,42.150001525878906
2014-06-18,42.0
2014-06-19,41.810001373291016
2014-06-20,41.77799987792969
2014-06-23,41.720001220703125
2014-06-24,42.099998474121094
2014-06-25,42.0
2014-06-26,42.04199981689453
2014-06-27,41.86000061035156
2014-06-30,41.91899871826172
2014-07-01,41.83000183105469
2014-07-02,42.02000045776367
2014-07-03,41.970001220703125
2014-07-07,41.849998474121094
2014-07-08,41.90999984741211
2014-07-09,41.86000061035156
2014-07-10,42.21099853515625
2014-07-11,42.356201171875
2014-07-14,42.29999923706055
2014-07-15,42.369998931884766
2014-07-16,42.290000915527344
2014-07-17,42.2400016784668
2014-07-18,42.20600128173828
2014-07-21,42.220001220703125
2014-07-22,42.20009994506836
2014-07-23,42.499900817871094
2014-07-24,42.31999969482422
2014-07-25,42.45000076293945
2014-07-28,42.29999923706055
2014-07-29,42.37099838256836
2014-07-30,42.37099838256836
2014-07-31,42.310001373291016
2014-08-01,42.33000183105469
2014-08-04,42.40999984741211
2014-08-05,42.41360092163086
2014-08-06,42.54999923706055
2014-08-07,42.5
2014-08-08,42.54999923706055
2014-08-11,42.510101318359375
2014-08-12,42.41999816894531
2014-08-13,42.41999816894531
2014-08-14,42.43159866333008
2014-08-15,42.43159866333008
2014-08-18,42.849998474121094
2014-08-19,42.66999816894531
2014-08-20,42.600101470947266
2014-08-21,42.41939926147461
2014-08-22,42.47999954223633
2014-08-25,42.65999984741211
2014-08-26,42.380001068115234
2014-08-27,42.45100021362305
2014-08-28,42.42100143432617
2014-08-29,42.70000076293945
2014-09-02,42.439998626708984
2014-09-03,42.580501556396484
2014-09-04,42.580501556396484
2014-09-05,42.52000045776367
2014-09-08,42.650001525878906
2014-09-09,42.63999938964844
2014-09-10,42.79999923706055
2014-09-11,42.79999923706055
2014-09-12,42.630001068115234
2014-09-15,42.54999923706055
2014-09-16,42.4900016784668
2014-09-17,42.85200119018555
2014-09-18,42.829898834228516
2014-09-19,42.597999572753906
2014-09-22,42.480098724365234
2014-09-23,42.600101470947266
2014-09-24,43.0
2014-09-25,42.79999923706055
2014-09-26,42.79999923706055
2014-09-29,42.79999923706055
2014-09-30,42.47999954223633
2014-10-01,42.600101470947266
2014-10-02,42.77000045776367
2014-10-03,42.70000076293945
2014-10-06,42.599998474121094
2014-10-07,42.90039825439453
2014-10-08,42.529998779296875
2014-10-09,42.6619987487793
2014-10-10,42.6619987487793
2014-10-13,42.650001525878906
2014-10-14,42.90999984741211
2014-10-15,42.56700134277344
2014-10-16,42.63560104370117
2014-10-17,42.40999984741211
2014-10-20,42.52000045776367
2014-10-21,42.650001525878906
2014-10-22,42.650001525878906
2014-10-23,42.79999923706055
2014-10-24,42.650001525878906
2014-10-27,42.66999816894531
2014-10-28,42.66999816894531
2014-10-29,42.67100143432617
2014-10-30,42.470001220703125
2014-10-31,42.56999969482422
2014-11-03,42.75
2014-11-04,42.65999984741211
2014-11-05,42.79999923706055
2014-11-06,42.849998474121094
2014-11-07,42.97999954223633
2014-11-10,42.75
2014-11-11,42.65010070800781
2014-11-12,42.790000915527344
2014-11-13,42.790000915527344
2014-11-14,42.636600494384766
2014-11-17,42.70000076293945
2014-11-18,42.79999923706055
2014-11-19,42.75920104980469
2014-11-20,42.70000076293945
2014-11-21,42.849998474121094
2014-11-24,42.79999923706055
2014-11-25,42.63010025024414
2014-11-26,42.63999938964844
2014-11-28,42.63999938964844
2014-12-01,42.6510009765625
2014-12-02,42.75
2014-12-03,42.599998474121094
2014-12-04,42.59000015258789
2014-12-05,42.52000045776367
2014-12-08,42.439998626708984
2014-12-09,42.150001525878906
2014-12-10,42.290000915527344
2014-12-11,42.422000885009766
2014-12-12,42.22999954223633
2014-12-15,42.44960021972656
2014-12-16,42.38999938964844
2014-12-17,42.08100128173828
2014-12-18,41.9900016784668
2014-12-19,42.0
2014-12-22,42.0
2014-12-23,42.000999450683594
2014-12-24,41.9900016784668
2014-12-26,42.34000015258789
2014-12-29,41.86000061035156
2014-12-30,41.90010070800781
2014-12-31,42.02000045776367
2015-01-02,42.20000076293945
2015-01-05,42.0099983215332
2015-01-06,42.150001525878906
2015-01-07,42.209999084472656
2015-01-08,42.099998474121094
2015-01-09,42.58610153198242
2015-01-12,42.29999923706055
2015-01-13,42.400001525878906
2015-01-14,42.880001068115234
2015-01-15,42.97999954223633
2015-01-16,42.68000030517578
2015-01-20,42.68000030517578
2015-01-21,42.70000076293945
2015-01-22,43.25
2015-01-23,42.715999603271484
2015-01-26,42.45009994506836
2015-01-27,42.709999084472656
2015-01-28,42.74549865722656
2015-01-29,42.63010025024414
2015-01-30,42.849998474121094
2015-02-02,42.36000061035156
2015-02-03,42.63999938964844
2015-02-04,42.79949951171875
2015-02-05,42.85559844970703
2015-02-06,42.61000061035156
2015-02-09,42.5
2015-02-10,42.869998931884766
2015-02-11,42.459999084472656
2015-02-12,42.720001220703125
2015-02-13,42.61000061035156
2015-02-17,42.29999923706055
2015-02-18,42.400001525878906
2015-02-19,42.630001068115234
2015-02-20,42.36000061035156
2015-02-23,42.5
2015-02-24,42.4900016784668
2015-02-25,42.510101318359375
2015-02-26,42.380001068115234
2015-02-27,42.20000076293945
2015-03-02,42.32460021972656
2015-03-03,42.790000915527344
2015-03-04,42.41999816894531
2015-03-05,42.459999084472656
2015-03-06,42.25
2015-03-09,42.27000045776367
2015-03-10,42.349998474121094
2015-03-11,42.28160095214844
2015-03-12,42.31999969482422
2015-03-13,42.68000030517578
2015-03-16,42.29999923706055
2015-03-17,42.459999084472656
2015-03-18,42.459999084472656
2015-03-19,42.599998474121094
2015-03-20,42.96989822387695
2015-03-23,42.68000030517578
2015-03-24,42.86600112915039
2015-03-25,42.827999114990234
2015-03-26,42.708900451660156
2015-03-27,42.70000076293945
2015-03-30,42.63999938964844
2015-03-31,42.89830017089844
2015-04-01,42.7400016784668
2015-04-02,42.79399871826172
2015-04-06,43.02980041503906
2015-04-07,42.8744010925293
2015-04-08,42.65999984741211
2015-04-09,43.202999114990234
2015-04-10,43.202999114990234
2015-04-13,43.03160095214844
2015-04-14,43.20000076293945
2015-04-15,43.305599212646484
2015-04-16,43.47999954223633
2015-04-17,43.220001220703125
2015-04-20,43.13100051879883
2015-04-21,43.268001556396484
2015-04-22,43.2400016784668
2015-04-23,43.400001525878906
2015-04-24,43.332000732421875
2015-04-27,43.154998779296875
2015-04-28,43.40999984741211
2015-04-29,43.400001525878906
2015-04-30,43.20000076293945
2015-05-01,43.12699890136719
2015-05-04,43.400001525878906
2015-05-05,43.5099983215332
2015-05-06,43.5099983215332
2015-05-07,43.56100082397461
2015-05-08,43.400001525878906
2015-05-11,43.372798919677734
2015-05-12,43.4900016784668
2015-05-13,43.45000076293945
2015-05-14,43.630001068115234
2015-05-15,43.301998138427734
2015-05-18,43.330101013183594
2015-05-19,43.380001068115234
2015-05-20,43.45000076293945
2015-05-21,43.209999084472656
2015-05-22,43.44990158081055
2015-05-26,43.36000061035156
2015-05-27,43.36000061035156
2015-05-28,43.080101013183594
2015-05-29,43.44300079345703
2015-06-01,43.44300079345703
2015-06-02,43.47999954223633
2015-06-03,43.47999954223633
2015-06-04,43.47999954223633
2015-06-05,43.0
2015-06-08,43.0
2015-06-09,43.349998474121094
2015-06-10,43.29399871826172
2015-06-11,43.0099983215332
2015-06-12,43.34000015258789
2015-06-15,43.029998779296875
2015-06-16,42.970001220703125
2015-06-17,43.099998474121094
2015-06-18,43.349998474121094
2015-06-19,43.09000015258789
2015-06-22,43.433998107910156
2015-06-23,43.040000915527344
2015-06-24,43.439998626708984
2015-06-25,43.070098876953125
2015-06-26,43.43989944458008
2015-06-29,43.499900817871094
2015-06-30,43.463600158691406
2015-07-01,43.04999923706055
2015-07-02,43.27000045776367
2015-07-06,43.79460144042969
2015-07-07,43.439998626708984
2015-07-08,43.29399871826172
2015-07-09,43.29990005493164
2015-07-10,43.37990188598633
2015-07-13,43.369998931884766
2015-07-14,43.369998931884766
2015-07-15,43.69620132446289
2015-07-16,43.69620132446289
2015-07-17,43.5
2015-07-20,43.56399917602539
2015-07-21,43.709999084472656
2015-07-22,43.58000183105469
2015-07-23,43.40010070800781
2015-07-24,43.400001525878906
2015-07-27,43.20000076293945
2015-07-28,43.38999938964844
2015-07-29,43.16999816894531
2015-07-30,43.439998626708984
2015-07-31,43.16910171508789
2015-08-03,43.279998779296875
2015-08-04,43.5
2015-08-05,43.46229934692383
2015-08-06,43.630001068115234
2015-08-07,43.65999984741211
2015-08-10,43.099998474121094
2015-08-11,41.540000915527344
2015-08-12,42.25
2015-08-13,41.474700927734375
2015-08-14,41.25
2015-08-17,41.27000045776367
2015-08-18,41.29999923706055
2015-08-19,41.15999984741211
2015-08-20,41.20000076293945
2015-08-21,41.459999084472656
2015-08-24,40.380001068115234
2015-08-25,41.0
2015-08-26,41.489898681640625
2015-08-27,41.099998474121094
2015-08-28,41.380001068115234
2015-08-31,41.59600067138672
2015-09-01,42.0
2015-09-02,41.54999923706055
2015-09-03,41.81999969482422
2015-09-04,41.81999969482422
2015-09-08,42.040000915527344
2015-09-09,41.599998474121094
2015-09-10,41.540000915527344
2015-09-11,41.070499420166016
2015-09-14,41.12300109863281
2015-09-15,41.58000183105469
2015-09-16,41.58000183105469
2015-09-17,41.775001525878906
2015-09-18,41.810001373291016
2015-09-21,41.810001373291016
2015-09-22,41.119998931884766
2015-09-23,41.119998931884766
2015-09-24,41.12200164794922
2015-09-25,41.152000427246094
2015-09-28,41.81999969482422
2015-09-29,41.25
2015-09-30,41.63999938964844
2015-10-01,41.63999938964844
2015-10-02,41.79999923706055
2015-10-05,41.959999084472656
2015-10-06,41.79999923706055
2015-10-07,42.499900817871094
2015-10-08,42.5
2015-10-09,42.49570083618164
2015-10-12,42.20009994506836
2015-10-13,42.04999923706055
2015-10-14,42.209999084472656
2015-10-15,42.190101623535156
2015-10-16,42.190101623535156
2015-10-19,42.31489944458008
2015-10-20,42.439998626708984
2015-10-21,42.099998474121094
2015-10-22,42.099998474121094
2015-10-23,42.02000045776367
2015-10-26,42.02000045776367
2015-10-27,42.05950164794922
2015-10-28,42.150001525878906
2015-10-29,41.73400115966797
2015-10-30,41.73400115966797
2015-11-02,42.095001220703125
2015-11-03,42.169498443603516
2015-11-04,42.11000061035156
2015-11-05,42.11000061035156
2015-11-06,41.483001708984375
2015-11-09,42.66669845581055
2015-11-10,41.38999938964844
2015-11-11,41.38999938964844
2015-11-12,42.119998931884766
2015-11-13,41.439998626708984
2015-11-16,41.439998626708984
2015-11-17,41.689998626708984
2015-11-18,42.22999954223633
2015-11-19,41.91999816894531
2015-11-20,41.948001861572266
2015-11-23,41.66999816894531
2015-11-24,41.4109992980957
2015-11-25,42.04999923706055
2015-11-27,42.029998779296875
2015-11-30,41.779998779296875
2015-12-01,41.779998779296875
2015-12-02,41.779998779296875
2015-12-03,41.81460189819336
2015-12-04,42.5099983215332
2015-12-07,41.874698638916016
2015-12-08,42.0
2015-12-09,42.0
2015-12-10,42.0
2015-12-11,41.51850128173828
2015-12-14,41.36000061035156
2015-12-15,41.362998962402344
2015-12-16,41.362998962402344
2015-12-17,41.0
2015-12-18,41.104000091552734
2015-12-21,41.198001861572266
2015-12-22,41.198001861572266
2015-12-23,41.395999908447266
2015-12-24,40.98400115966797
2015-12-28,40.75
2015-12-29,41.060001373291016
2015-12-30,41.25
2015-12-31,41.220001220703125
2016-01-04,40.2599983215332
2016-01-05,41.15999984741211
2016-01-06,40.231998443603516
2016-01-07,40.334800720214844
2016-01-08,39.92070007324219
2016-01-11,40.75
2016-01-12,40.119998931884766
2016-01-13,40.70000076293945
2016-01-14,40.86000061035156
2016-01-15,40.529998779296875
2016-01-19,40.7400016784668
2016-01-20,40.720001220703125
2016-01-21,40.11000061035156
2016-01-22,40.13819885253906
2016-01-25,40.41210174560547
2016-01-26,40.5
2016-01-27,40.79999923706055
2016-01-28,41.23500061035156
2016-01-29,41.040000915527344
2016-02-01,40.707000732421875
2016-02-02,41.15739822387695
2016-02-03,40.68000030517578
2016-02-04,40.86000061035156
2016-02-05,41.290000915527344
2016-02-08,42.060001373291016
2016-02-09,41.27000045776367
2016-02-10,41.15299987792969
2016-02-11,41.250999450683594
2016-02-12,41.170101165771484
2016-02-16,41.599998474121094
2016-02-17,42.290000915527344
2016-02-18,42.290000915527344
2016-02-19,41.22999954223633
2016-02-22,41.560001373291016
2016-02-23,41.599998474121094
2016-02-24,41.5
2016-02-25,41.709999084472656
2016-02-26,41.400001525878906
2016-02-29,41.46780014038086
2016-03-01,41.720001220703125
2016-03-02,41.720001220703125
2016-03-03,41.11899948120117
2016-03-04,41.939998626708984
2016-03-07,41.849998474121094
2016-03-08,41.900001525878906
2016-03-09,42.5099983215332
2016-03-10,42.5099983215332
2016-03-11,42.5099983215332
2016-03-14,42.599998474121094
2016-03-15,41.299400329589844
2016-03-16,42.04999923706055
2016-03-17,42.13999938964844
2016-03-18,42.369998931884766
2016-03-21,42.2400016784668
2016-03-22,42.380001068115234
2016-03-23,42.0
2016-03-24,42.0
2016-03-28,41.70000076293945
2016-03-29,41.70000076293945
2016-03-30,41.86199951171875
2016-03-31,42.29999923706055
2016-04-01,42.31010055541992
2016-04-04,42.38999938964844
2016-04-05,42.400001525878906
2016-04-06,42.5
2016-04-07,42.29999923706055
2016-04-08,42.0099983215332
2016-04-11,42.43000030517578
2016-04-12,42.599998474121094
2016-04-13,42.4900016784668
2016-04-14,42.4900016784668
2016-04-15,42.29999923706055
2016-04-18,42.34000015258789
2016-04-19,42.439998626708984
2016-04-20,41.909400939941406
2016-04-21,42.290000915527344
2016-04-22,42.29999923706055
2016-04-25,42.43000030517578
2016-04-26,41.50600051879883
2016-04-27,43.0
2016-04-28,42.209999084472656
2016-04-29,42.0
2016-05-02,42.400001525878906
2016-05-03,42.36000061035156
2016-05-04,42.849998474121094
2016-05-05,42.900001525878906
2016-05-06,42.5
2016-05-09,42.349998474121094
2016-05-10,42.70000076293945
2016-05-11,42.150001525878906
2016-05-12,42.20000076293945
2016-05-13,42.20000076293945
2016-05-16,41.375
2016-05-17,42.69990158081055
2016-05-18,42.69990158081055
2016-05-19,42.649898529052734
2016-05-20,42.649898529052734
2016-05-23,42.649898529052734
2016-05-24,41.2599983215332
2016-05-25,41.2599983215332
2016-05-26,41.52180099487305
2016-05-27,41.52180099487305
2016-05-31,41.52180099487305
2016-06-01,41.0099983215332
2016-06-02,41.70000076293945
2016-06-03,41.36000061035156
2016-06-06,41.829200744628906
2016-06-07,41.779998779296875
2016-06-08,41.93000030517578
2016-06-09,41.93109893798828
2016-06-10,41.93109893798828
2016-06-13,41.7400016784668
2016-06-14,42.4900016784668
2016-06-15,42.4900016784668
2016-06-16,42.4900016784668
2016-06-17,41.869998931884766
2016-06-20,41.7599983215332
2016-06-21,41.290401458740234
2016-06-22,42.5
2016-06-23,41.90999984741211
2016-06-24,41.7489013671875
2016-06-27,39.91999816894531
2016-06-28,42.189998626708984
2016-06-29,42.0010986328125
2016-06-30,41.849998474121094
2016-07-01,41.95000076293945
2016-07-05,41.3400993347168
2016-07-06,41.3400993347168
2016-07-07,41.3400993347168
2016-07-08,41.6150016784668
2016-07-11,41.40999984741211
2016-07-12,41.559600830078125
2016-07-13,41.400001525878906
2016-07-14,41.2400016784668
2016-07-15,41.25
2016-07-18,41.21200180053711
2016-07-19,41.400001525878906
2016-07-20,41.5099983215332
2016-07-21,41.5099983215332
2016-07-22,41.5
2016-07-25,41.70000076293945
2016-07-26,41.415000915527344
2016-07-27,41.415000915527344
2016-07-28,41.68000030517578
2016-07-29,41.720001220703125
2016-08-01,41.720001220703125
2016-08-02,41.650001525878906
2016-08-03,42.27000045776367
2016-08-04,42.27000045776367
2016-08-05,41.41999816894531
2016-08-08,41.41999816894531
2016-08-09,41.41999816894531
2016-08-10,41.54999923706055
2016-08-11,41.5791015625
2016-08-12,41.5791015625
2016-08-15,41.5
2016-08-16,41.619998931884766
2016-08-17,41.400001525878906
2016-08-18,41.250999450683594
2016-08-19,41.7400016784668
2016-08-22,41.58000183105469
2016-08-23,41.650001525878906
2016-08-24,41.4900016784668
2016-08-25,41.4900016784668
2016-08-26,41.04999923706055
2016-08-29,41.290000915527344
2016-08-30,41.349998474121094
2016-08-31,41.400001525878906
2016-09-01,41.400001525878906
2016-09-02,41.400001525878906
2016-09-06,41.33000183105469
2016-09-07,41.33000183105469
2016-09-08,41.137001037597656
2016-09-09,41.29999923706055
2016-09-12,41.29999923706055
2016-09-13,41.29999923706055
2016-09-14,41.29999923706055
2016-09-15,41.36180114746094
2016-09-16,41.36180114746094
2016-09-19,41.25
2016-09-20,41.25
2016-09-21,41.25
2016-09-22,41.25
2016-09-23,41.25
2016-09-26,41.25
2016-09-27,40.91999816894531
2016-09-28,40.91999816894531
2016-09-29,41.15999984741211
2016-09-30,41.470001220703125
2016-10-03,41.95000076293945
2016-10-04,41.95000076293945
2016-10-05,41.13750076293945
2016-10-06,41.13750076293945
2016-10-07,41.13750076293945
2016-10-10,41.08000183105469
2016-10-11,41.08000183105469
2016-10-12,40.99919891357422
2016-10-13,40.78499984741211
2016-10-14,40.63999938964844
2016-10-17,40.63999938964844
2016-10-18,40.78879928588867
2016-10-19,40.79999923706055
2016-10-20,40.79999923706055
2016-10-21,40.79999923706055
2016-10-24,40.490699768066406
2016-10-25,40.439998626708984
2016-10-26,40.62799835205078
2016-10-27,40.62799835205078
2016-10-28,40.58000183105469
2016-10-31,41.064701080322266
2016-11-01,41.064701080322266
2016-11-02,41.02949905395508
2016-11-03,41.02949905395508
2016-11-04,41.02949905395508
2016-11-07,40.540000915527344
2016-11-08,40.54999923706055
2016-11-09,40.54999923706055
2016-11-10,40.54999923706055
2016-11-11,40.54999923706055
2016-11-14,40.52000045776367
2016-11-15,40.52000045776367
2016-11-16,40.52000045776367
2016-11-17,40.56060028076172
2016-11-18,40.56060028076172
2016-11-21,40.56060028076172
2016-11-22,40.56060028076172
2016-11-23,40.56060028076172
2016-11-25,40.52000045776367
2016-11-28,40.52000045776367
2016-11-29,40.52000045776367
2016-11-30,40.650001525878906
2016-12-01,40.599998474121094
2016-12-02,39.54100036621094
2016-12-05,40.779998779296875
2016-12-06,40.060001373291016
2016-12-07,40.11000061035156
2016-12-08,40.0
2016-12-09,39.689998626708984
2016-12-12,39.689998626708984
2016-12-13,40.827999114990234
2016-12-14,40.827999114990234
2016-12-15,39.2599983215332
2016-12-16,39.630001068115234
2016-12-19,39.630001068115234
2016-12-20,39.98569869995117
2016-12-21,39.98569869995117
2016-12-22,39.98569869995117
2016-12-23,39.98569869995117
2016-12-27,39.0
2016-12-28,38.61000061035156
2016-12-29,39.279998779296875
2016-12-30,39.04999923706055
2017-01-03,39.0
2017-01-04,39.86989974975586
2017-01-05,39.86989974975586
2017-01-06,38.709999084472656
2017-01-09,40.06930160522461
2017-01-10,40.0
2017-01-11,40.0
2017-01-12,40.220001220703125
2017-01-13,40.220001220703125
2017-01-17,40.22999954223633
2017-01-18,40.34619903564453
2017-01-19,40.130001068115234
2017-01-20,40.15999984741211
2017-01-23,40.29999923706055
2017-01-24,40.29999923706055
2017-01-25,40.29999923706055
2017-01-26,40.599998474121094
2017-01-27,40.459999084472656
2017-01-30,40.5
2017-01-31,40.52000045776367
2017-02-01,40.52000045776367
2017-02-02,40.52000045776367
2017-02-03,40.52000045776367
2017-02-06,40.2599983215332
2017-02-07,40.18000030517578
2017-02-08,39.96979904174805
2017-02-09,40.63999938964844
2017-02-10,40.63999938964844
2017-02-13,40.63999938964844
2017-02-14,40.63999938964844
2017-02-15,40.63999938964844
2017-02-16,41.5
2017-02-17,41.5
2017-02-21,41.5
2017-02-22,40.459999084472656
2017-02-23,40.459999084472656
2017-02-24,40.459999084472656
2017-02-27,40.459999084472656
2017-02-28,40.459999084472656
2017-03-01,40.459999084472656
2017-03-02,40.631500244140625
2017-03-03,40.619998931884766
2017-03-06,40.619998931884766
2017-03-07,40.7400016784668
2017-03-08,40.599998474121094
2017-03-09,40.150001525878906
2017-03-10,40.66999816894531
2017-03-13,40.709999084472656
2017-03-14,40.66999816894531
2017-03-15,41.0
2017-03-16,40.970001220703125
2017-03-17,40.95000076293945
2017-03-20,40.709999084472656
2017-03-21,40.70000076293945
2017-03-22,40.81119918823242
2017-03-23,40.63090133666992
2017-03-24,40.959999084472656
2017-03-27,40.900001525878906
2017-03-28,40.880001068115234
2017-03-29,40.84000015258789
2017-03-30,40.79999923706055
2017-03-31,40.91999816894531
2017-04-03,40.84000015258789
2017-04-04,40.84000015258789
2017-04-05,41.06999969482422
2017-04-06,41.06999969482422
2017-04-07,41.06999969482422
2017-04-10,40.81999969482422
2017-04-11,40.880001068115234
2017-04-12,40.839900970458984
2017-04-13,41.02000045776367
2017-04-17,41.22999954223633
2017-04-18,40.8849983215332
2017-04-19,41.33000183105469
2017-04-20,41.33000183105469
2017-04-21,42.13999938964844
2017-04-24,41.400001525878906
2017-04-25,41.2400016784668
2017-04-26,41.44029998779297
2017-04-27,41.2400016784668
2017-04-28,40.7411003112793
2017-05-01,40.88999938964844
2017-05-02,40.88999938964844
2017-05-03,41.20000076293945
2017-05-04,41.130001068115234
2017-05-05,41.0099983215332
2017-05-08,40.97999954223633
2017-05-09,41.086299896240234
2017-05-10,41.086299896240234
2017-05-11,41.0
2017-05-12,41.0
2017-05-15,40.65999984741211
2017-05-16,40.88999938964844
2017-05-17,40.88999938964844
2017-05-18,40.75
2017-05-19,41.150001525878906
2017-05-22,41.79999923706055
2017-05-23,40.93000030517578
2017-05-24,40.93000030517578
2017-05-25,40.93000030517578
2017-05-26,41.35100173950195
2017-05-30,41.35100173950195
2017-05-31,41.35100173950195
2017-06-01,41.35100173950195
2017-06-02,41.35100173950195
2017-06-05,41.470001220703125
2017-06-06,41.470001220703125
2017-06-07,41.600101470947266
2017-06-08,41.743499755859375
2017-06-09,41.560001373291016
2017-06-12,41.654598236083984
2017-06-13,41.654598236083984
2017-06-14,41.74919891357422
2017-06-15,41.74919891357422
2017-06-16,41.74919891357422
2017-06-19,41.631099700927734
2017-06-20,41.340999603271484
2017-06-21,41.70000076293945
2017-06-22,41.43629837036133
2017-06-23,41.45249938964844
2017-06-26,41.57229995727539
2017-06-27,40.720001220703125
2017-06-28,41.7400016784668
2017-06-29,41.7400016784668
2017-06-30,41.7400016784668
2017-07-03,41.7400016784668
2017-07-05,41.7400016784668
2017-07-06,42.15999984741211
2017-07-07,42.15999984741211
2017-07-10,42.555999755859375
2017-07-11,41.83000183105469
2017-07-12,41.51499938964844
2017-07-13,42.029998779296875
2017-07-14,42.029998779296875
2017-07-17,42.029998779296875
2017-07-18,42.599998474121094
2017-07-19,42.49250030517578
2017-07-20,42.49250030517578
2017-07-21,42.09299850463867
2017-07-24,42.029998779296875
2017-07-25,42.29999923706055
2017-07-26,42.20280075073242
2017-07-27,42.11000061035156
2017-07-28,42.439998626708984
2017-07-31,42.119998931884766
2017-08-01,42.099998474121094
2017-08-02,42.150001525878906
2017-08-03,42.15620040893555
2017-08-04,42.70000076293945
2017-08-07,42.314300537109375
2017-08-08,42.20000076293945
2017-08-09,42.25
2017-08-10,42.29999923706055
2017-08-11,42.500099182128906
2017-08-14,42.099998474121094
2017-08-15,42.54999923706055
2017-08-16,42.54999923706055
2017-08-17,42.59000015258789
2017-08-18,42.59000015258789
2017-08-21,43.058998107910156
2017-08-22,42.599998474121094
2017-08-23,42.599998474121094
2017-08-24,42.599998474121094
2017-08-25,43.0
2017-08-28,43.126800537109375
2017-08-29,43.29999923706055
2017-08-30,43.349998474121094
2017-08-31,43.349998474121094
2017-09-01,43.5
2017-09-05,43.187198638916016
2017-09-06,43.20000076293945
2017-09-07,43.899200439453125
2017-09-08,43.93000030517578
2017-09-11,44.0
2017-09-12,43.70000076293945
2017-09-13,43.630001068115234
2017-09-14,45.02000045776367
2017-09-15,44.20000076293945
2017-09-18,44.20000076293945
2017-09-19,45.319000244140625
2017-09-20,44.81999969482422
2017-09-21,44.81999969482422
2017-09-22,43.25
2017-09-25,43.25
2017-09-26,43.20000076293945
2017-09-27,43.0
2017-09-28,43.0
2017-09-29,43.0
2017-10-02,43.0
2017-10-03,43.0
2017-10-04,42.87810134887695
2017-10-05,42.87810134887695
2017-10-06,42.87810134887695
2017-10-09,42.560001373291016
2017-10-10,43.06999969482422
2017-10-11,41.22999954223633
2017-10-12,41.22999954223633
2017-10-13,41.668399810791016
2017-10-16,42.89099884033203
2017-10-17,42.89099884033203
2017-10-18,43.45009994506836
2017-10-19,43.45009994506836
2017-10-20,43.45009994506836
2017-10-23,43.45009994506836
2017-10-24,43.45009994506836
2017-10-25,43.45009994506836
2017-10-26,43.45009994506836
2017-10-27,43.45009994506836
2017-10-30,43.37099838256836
2017-10-31,43.29999923706055
2017-11-01,43.16999816894531
2017-11-02,43.16999816894531
2017-11-03,43.16999816894531
2017-11-06,43.37179946899414
2017-11-07,43.37179946899414
2017-11-08,43.37179946899414
2017-11-09,42.279998779296875
2017-11-10,42.279998779296875
2017-11-13,42.97999954223633
2017-11-14,42.97999954223633
2017-11-15,42.97999954223633
2017-11-16,42.60499954223633
2017-11-17,42.60499954223633
2017-11-20,42.33449935913086
2017-11-21,42.724998474121094
2017-11-22,42.724998474121094
2017-11-24,42.724998474121094
2017-11-27,42.25379943847656
2017-11-28,43.23609924316406
2017-11-29,43.23609924316406
2017-11-30,43.23609924316406
2017-12-01,42.81999969482422
2017-12-04,42.81999969482422
2017-12-05,42.75
2017-12-06,42.900001525878906
2017-12-07,43.29999923706055
2017-12-08,43.29999923706055
2017-12-11,42.900001525878906
2017-12-12,43.08000183105469
2017-12-13,43.08000183105469
2017-12-14,43.08000183105469
2017-12-15,43.08000183105469
2017-12-18,42.99509811401367
2017-12-19,42.817298889160156
2017-12-20,42.817298889160156
2017-12-21,42.7135009765625
2017-12-22,41.80720138549805
2017-12-26,41.80720138549805
2017-12-27,43.0099983215332
2017-12-28,43.0099983215332
2017-12-29,43.0099983215332
